# Blender 5.2.0 LTS
# www.blender.org
mtllib cyan head mesh.mtl
o CYAN
v 0.000000 0.462286 -0.390539
v 0.000000 0.379388 -0.475873
v 0.000000 0.228857 -0.568749
v 0.000000 0.173600 -0.589102
v 0.000000 0.116670 -0.603781
v 0.000000 0.058617 -0.612646
v 0.000000 -0.058618 -0.612646
v 0.000000 -0.116671 -0.603781
v 0.000000 -0.281911 -0.542919
v 0.000000 -0.332249 -0.511861
v 0.000000 -0.379388 -0.475873
v 0.000000 -0.462286 -0.390539
v 0.000000 -0.497246 -0.342014
v 0.000000 -0.527418 -0.290196
v 0.000000 -0.586542 -0.120099
v 0.000000 -0.595153 -0.060340
v 0.011521 0.595153 -0.059181
v 0.022930 0.586542 -0.117792
v 0.034119 0.572282 -0.175268
v 0.044980 0.552510 -0.231057
v 0.055407 0.527418 -0.284621
v 0.065300 0.497246 -0.335443
v 0.074565 0.462286 -0.383035
v 0.083111 0.422873 -0.426938
v 0.090857 0.379388 -0.466729
v 0.097729 0.332249 -0.502026
v 0.103659 0.281911 -0.532487
v 0.108590 0.228857 -0.557821
v 0.112476 0.173600 -0.577782
v 0.115279 0.116670 -0.592180
v 0.116971 0.058617 -0.600874
v 0.117537 -0.000000 -0.603781
v 0.116971 -0.058618 -0.600874
v 0.115279 -0.116671 -0.592180
v 0.112476 -0.173600 -0.577782
v 0.108590 -0.228857 -0.557821
v 0.103659 -0.281911 -0.532487
v 0.097729 -0.332249 -0.502025
v 0.090857 -0.379388 -0.466729
v 0.083111 -0.422873 -0.426938
v 0.074565 -0.462286 -0.383035
v 0.065300 -0.497246 -0.335443
v 0.055407 -0.527418 -0.284620
v 0.044980 -0.552511 -0.231057
v 0.034119 -0.572282 -0.175268
v 0.022930 -0.586542 -0.117792
v 0.011521 -0.595153 -0.059181
v 0.022599 0.595153 -0.055747
v 0.044980 0.586542 -0.110958
v 0.066927 0.572282 -0.165099
v 0.088231 0.552510 -0.217651
v 0.108684 0.527418 -0.268107
v 0.128091 0.497246 -0.315980
v 0.146264 0.462286 -0.360811
v 0.163029 0.422873 -0.402167
v 0.178223 0.379388 -0.439649
v 0.191702 0.332249 -0.472898
v 0.203334 0.281911 -0.501592
v 0.213007 0.228857 -0.525456
v 0.220630 0.173600 -0.544259
v 0.226127 0.116670 -0.557821
v 0.229447 0.058617 -0.566011
v 0.230557 -0.000000 -0.568749
v 0.229447 -0.058618 -0.566011
v 0.226127 -0.116671 -0.557821
v 0.220630 -0.173600 -0.544259
v 0.213007 -0.228857 -0.525456
v 0.203334 -0.281911 -0.501592
v 0.191702 -0.332249 -0.472898
v 0.178223 -0.379388 -0.439649
v 0.163029 -0.422873 -0.402166
v 0.146264 -0.462286 -0.360811
v 0.128091 -0.497246 -0.315980
v 0.108684 -0.527418 -0.268106
v 0.088231 -0.552511 -0.217651
v 0.066927 -0.572282 -0.165099
v 0.044980 -0.586542 -0.110957
v 0.022599 -0.595153 -0.055747
v 0.032808 0.595153 -0.050171
v 0.065300 0.586542 -0.099859
v 0.097163 0.572282 -0.148585
v 0.128091 0.552510 -0.195881
v 0.157785 0.527418 -0.241290
v 0.185959 0.497246 -0.284375
v 0.212343 0.462286 -0.324721
v 0.236681 0.422873 -0.361940
v 0.258740 0.379388 -0.395674
v 0.278307 0.332249 -0.425597
v 0.295195 0.281911 -0.451421
v 0.309239 0.228857 -0.472898
v 0.320305 0.173600 -0.489820
v 0.328286 0.116670 -0.502026
v 0.333106 0.058617 -0.509396
v 0.334718 -0.000000 -0.511861
v 0.333106 -0.058618 -0.509396
v 0.328286 -0.116671 -0.502026
v 0.320305 -0.173600 -0.489820
v 0.309239 -0.228857 -0.472898
v 0.295195 -0.281911 -0.451421
v 0.278307 -0.332249 -0.425597
v 0.258740 -0.379388 -0.395674
v 0.236681 -0.422873 -0.361940
v 0.212343 -0.462286 -0.324721
v 0.185959 -0.497246 -0.284375
v 0.157785 -0.527418 -0.241289
v 0.128091 -0.552511 -0.195881
v 0.097163 -0.572282 -0.148585
v 0.065300 -0.586542 -0.099859
v 0.032808 -0.595153 -0.050171
v 0.041757 0.595153 -0.042667
v 0.083111 0.586542 -0.084923
v 0.123666 0.572282 -0.126362
v 0.163029 0.552510 -0.166583
v 0.200822 0.527418 -0.205200
v 0.236681 0.497246 -0.241841
v 0.270261 0.462286 -0.276153
v 0.301238 0.422873 -0.307805
v 0.329314 0.379388 -0.336493
v 0.354218 0.332249 -0.361940
v 0.375711 0.281911 -0.383902
v 0.393586 0.228857 -0.402167
v 0.407671 0.173600 -0.416558
v 0.417829 0.116670 -0.426938
v 0.423963 0.058617 -0.433206
v 0.426015 -0.000000 -0.435302
v 0.423963 -0.058618 -0.433206
v 0.417829 -0.116671 -0.426938
v 0.407671 -0.173600 -0.416558
v 0.393586 -0.228857 -0.402166
v 0.375711 -0.281911 -0.383902
v 0.354218 -0.332249 -0.361940
v 0.329314 -0.379388 -0.336493
v 0.301238 -0.422873 -0.307805
v 0.270261 -0.462286 -0.276152
v 0.236681 -0.497246 -0.241841
v 0.200822 -0.527418 -0.205200
v 0.163029 -0.552510 -0.166583
v 0.123666 -0.572282 -0.126361
v 0.083111 -0.586542 -0.084923
v 0.041757 -0.595153 -0.042667
v 0.049101 0.595153 -0.033523
v 0.097729 0.586542 -0.066724
v 0.145415 0.572282 -0.099282
v 0.191702 0.552510 -0.130883
v 0.236142 0.527418 -0.161225
v 0.278307 0.497246 -0.190013
v 0.317793 0.462286 -0.216972
v 0.354218 0.422873 -0.241841
v 0.387232 0.379388 -0.264381
v 0.416517 0.332249 -0.284375
v 0.441790 0.281911 -0.301630
v 0.462808 0.228857 -0.315980
v 0.479370 0.173600 -0.327287
v 0.491315 0.116670 -0.335443
v 0.498528 0.058617 -0.340368
v 0.500940 -0.000000 -0.342014
v 0.498528 -0.058618 -0.340368
v 0.491315 -0.116671 -0.335443
v 0.479370 -0.173600 -0.327287
v 0.462808 -0.228857 -0.315980
v 0.441790 -0.281911 -0.301630
v 0.416517 -0.332249 -0.284375
v 0.387232 -0.379388 -0.264381
v 0.354218 -0.422873 -0.241841
v 0.317793 -0.462286 -0.216972
v 0.278307 -0.497246 -0.190013
v 0.236142 -0.527418 -0.161224
v 0.191702 -0.552510 -0.130883
v 0.145415 -0.572282 -0.099281
v 0.097729 -0.586542 -0.066724
v 0.049101 -0.595153 -0.033523
v 0.054558 0.595153 -0.023091
v 0.108590 0.586542 -0.045960
v 0.161577 0.572282 -0.068386
v 0.213007 0.552510 -0.090154
v 0.262386 0.527418 -0.111053
v 0.309239 0.497246 -0.130883
v 0.353113 0.462286 -0.149453
v 0.393586 0.422873 -0.166583
v 0.430269 0.379388 -0.182109
v 0.462808 0.332249 -0.195881
v 0.490891 0.281911 -0.207766
v 0.514245 0.228857 -0.217651
v 0.532647 0.173600 -0.225439
v 0.545920 0.116670 -0.231057
v 0.553935 0.058617 -0.234449
v 0.556615 -0.000000 -0.235584
v 0.553935 -0.058618 -0.234449
v 0.545920 -0.116671 -0.231057
v 0.532647 -0.173600 -0.225439
v 0.514245 -0.228857 -0.217651
v 0.490891 -0.281911 -0.207766
v 0.462808 -0.332249 -0.195881
v 0.430269 -0.379388 -0.182109
v 0.393586 -0.422873 -0.166583
v 0.353113 -0.462286 -0.149453
v 0.309239 -0.497246 -0.130883
v 0.262386 -0.527418 -0.111053
v 0.213007 -0.552510 -0.090154
v 0.161577 -0.572282 -0.068386
v 0.108590 -0.586542 -0.045960
v 0.054558 -0.595153 -0.023091
v 0.057918 0.595153 -0.011772
v 0.115279 0.586542 -0.023430
v 0.171529 0.572282 -0.034863
v 0.226127 0.552510 -0.045960
v 0.278548 0.527418 -0.056615
v 0.328286 0.497246 -0.066724
v 0.374863 0.462286 -0.076190
v 0.417829 0.422873 -0.084923
v 0.456771 0.379388 -0.092838
v 0.491315 0.332249 -0.099859
v 0.521127 0.281911 -0.105918
v 0.545920 0.228857 -0.110958
v 0.565455 0.173600 -0.114928
v 0.579545 0.116670 -0.117792
v 0.588054 0.058617 -0.119521
v 0.590899 -0.000000 -0.120099
v 0.588054 -0.058618 -0.119521
v 0.579545 -0.116670 -0.117792
v 0.565455 -0.173600 -0.114928
v 0.545920 -0.228857 -0.110957
v 0.521127 -0.281911 -0.105918
v 0.491315 -0.332249 -0.099859
v 0.456771 -0.379388 -0.092838
v 0.417829 -0.422873 -0.084923
v 0.374863 -0.462286 -0.076190
v 0.328286 -0.497246 -0.066724
v 0.278548 -0.527418 -0.056614
v 0.226127 -0.552510 -0.045960
v 0.171529 -0.572282 -0.034863
v 0.115279 -0.586542 -0.023430
v 0.057918 -0.595153 -0.011772
v 0.059053 0.595153 -0.000000
v 0.117537 0.586542 -0.000000
v 0.174889 0.572282 -0.000000
v 0.230557 0.552510 -0.000000
v 0.284005 0.527418 -0.000000
v 0.334718 0.497246 -0.000000
v 0.382206 0.462286 -0.000000
v 0.426015 0.422873 -0.000000
v 0.465720 0.379388 -0.000000
v 0.500940 0.332249 0.000000
v 0.531336 0.281911 -0.000000
v 0.556615 0.228857 -0.000000
v 0.576533 0.173600 0.000000
v 0.590899 0.116670 0.000000
v 0.599575 0.058617 -0.000000
v 0.602476 0.000000 0.000000
v 0.599575 -0.058617 0.000000
v 0.590899 -0.116670 0.000000
v 0.576533 -0.173600 0.000000
v 0.556615 -0.228857 0.000000
v 0.531336 -0.281911 0.000000
v 0.500940 -0.332249 0.000000
v 0.465720 -0.379388 0.000000
v 0.426015 -0.422873 0.000000
v 0.382206 -0.462286 0.000000
v 0.334718 -0.497246 0.000000
v 0.284005 -0.527418 0.000000
v 0.230557 -0.552510 0.000000
v 0.174889 -0.572282 0.000000
v 0.117537 -0.586542 0.000000
v 0.059053 -0.595153 0.000000
v 0.057918 0.595153 0.011772
v 0.115279 0.586542 0.023430
v 0.171529 0.572282 0.034863
v 0.226127 0.552510 0.045960
v 0.278548 0.527418 0.056614
v 0.328286 0.497246 0.066724
v 0.374862 0.462286 0.076190
v 0.417829 0.422873 0.084923
v 0.456771 0.379388 0.092838
v 0.491315 0.332249 0.099859
v 0.521127 0.281911 0.105918
v 0.545920 0.228857 0.110957
v 0.565455 0.173600 0.114928
v 0.579545 0.116670 0.117792
v 0.588054 0.058618 0.119521
v 0.590899 0.000000 0.120100
v 0.588054 -0.058617 0.119521
v 0.579545 -0.116670 0.117792
v 0.565455 -0.173600 0.114928
v 0.545920 -0.228857 0.110957
v 0.521127 -0.281911 0.105918
v 0.491315 -0.332249 0.099859
v 0.456771 -0.379388 0.092838
v 0.417829 -0.422873 0.084923
v 0.374862 -0.462286 0.076190
v 0.328286 -0.497246 0.066724
v 0.278548 -0.527418 0.056615
v 0.226127 -0.552510 0.045960
v 0.171529 -0.572282 0.034863
v 0.115279 -0.586542 0.023430
v 0.057918 -0.595153 0.011772
v 0.054558 0.595153 0.023091
v 0.108590 0.586542 0.045960
v 0.161577 0.572282 0.068386
v 0.213007 0.552510 0.090154
v 0.262386 0.527418 0.111053
v 0.309239 0.497246 0.130883
v 0.353113 0.462286 0.149453
v 0.393586 0.422873 0.166583
v 0.430269 0.379388 0.182109
v 0.462808 0.332249 0.195881
v 0.490890 0.281911 0.207766
v 0.514245 0.228857 0.217651
v 0.532647 0.173600 0.225440
v 0.545920 0.116671 0.231057
v 0.553935 0.058618 0.234449
v 0.556615 0.000000 0.235584
v 0.553935 -0.058617 0.234449
v 0.545920 -0.116670 0.231057
v 0.532647 -0.173600 0.225440
v 0.514245 -0.228857 0.217651
v 0.490890 -0.281911 0.207766
v 0.462808 -0.332249 0.195881
v 0.430269 -0.379388 0.182109
v 0.393586 -0.422873 0.166583
v 0.353113 -0.462286 0.149453
v 0.309239 -0.497246 0.130883
v 0.262386 -0.527418 0.111053
v 0.213007 -0.552510 0.090154
v 0.161577 -0.572282 0.068386
v 0.108590 -0.586542 0.045960
v 0.054558 -0.595153 0.023091
v 0.049101 0.595153 0.033523
v 0.097729 0.586542 0.066724
v 0.145415 0.572282 0.099281
v 0.191702 0.552510 0.130883
v 0.236142 0.527418 0.161224
v 0.278307 0.497246 0.190013
v 0.317793 0.462286 0.216972
v 0.354218 0.422873 0.241841
v 0.387232 0.379388 0.264381
v 0.416516 0.332249 0.284375
v 0.441790 0.281911 0.301630
v 0.462808 0.228857 0.315980
v 0.479370 0.173600 0.327287
v 0.491315 0.116671 0.335443
v 0.498528 0.058618 0.340367
v 0.500940 0.000000 0.342014
v 0.498528 -0.058617 0.340367
v 0.491315 -0.116670 0.335443
v 0.479370 -0.173600 0.327287
v 0.462808 -0.228857 0.315980
v 0.441790 -0.281911 0.301630
v 0.416516 -0.332249 0.284375
v 0.387232 -0.379388 0.264381
v 0.354218 -0.422873 0.241841
v 0.317793 -0.462286 0.216972
v 0.278307 -0.497246 0.190013
v 0.236142 -0.527418 0.161225
v 0.191702 -0.552510 0.130883
v 0.145415 -0.572282 0.099282
v 0.097729 -0.586542 0.066724
v 0.049101 -0.595153 0.033523
v 0.041757 0.595153 0.042667
v 0.083111 0.586542 0.084923
v 0.123665 0.572282 0.126361
v 0.163029 0.552510 0.166583
v 0.200822 0.527418 0.205200
v 0.236681 0.497246 0.241841
v 0.270261 0.462286 0.276152
v 0.301238 0.422873 0.307805
v 0.329314 0.379388 0.336493
v 0.354218 0.332249 0.361940
v 0.375711 0.281911 0.383902
v 0.393586 0.228857 0.402166
v 0.407671 0.173600 0.416558
v 0.417829 0.116671 0.426938
v 0.423963 0.058618 0.433206
v 0.426014 0.000000 0.435302
v 0.423963 -0.058617 0.433206
v 0.417829 -0.116670 0.426938
v 0.407671 -0.173600 0.416558
v 0.393586 -0.228857 0.402166
v 0.375711 -0.281911 0.383902
v 0.354218 -0.332249 0.361940
v 0.329314 -0.379388 0.336493
v 0.301238 -0.422873 0.307805
v 0.270261 -0.462286 0.276153
v 0.236681 -0.497246 0.241841
v 0.200822 -0.527418 0.205200
v 0.163029 -0.552510 0.166583
v 0.123665 -0.572282 0.126362
v 0.083111 -0.586542 0.084923
v 0.041757 -0.595153 0.042667
v 0.032808 0.595153 0.050171
v 0.065300 0.586542 0.099859
v 0.097163 0.572282 0.148585
v 0.128091 0.552511 0.195881
v 0.157785 0.527418 0.241289
v 0.185959 0.497246 0.284375
v 0.212342 0.462286 0.324721
v 0.236681 0.422873 0.361940
v 0.258740 0.379388 0.395674
v 0.278307 0.332249 0.425597
v 0.295194 0.281911 0.451421
v 0.309239 0.228857 0.472898
v 0.320305 0.173600 0.489820
v 0.328286 0.116671 0.502025
v 0.333106 0.058618 0.509396
v 0.334717 0.000000 0.511861
v 0.333106 -0.058617 0.509396
v 0.328286 -0.116670 0.502025
v 0.320305 -0.173600 0.489820
v 0.309239 -0.228857 0.472898
v 0.295194 -0.281911 0.451421
v 0.278307 -0.332249 0.425597
v 0.258740 -0.379388 0.395674
v 0.236681 -0.422873 0.361940
v 0.212342 -0.462286 0.324721
v 0.185959 -0.497246 0.284375
v 0.157785 -0.527418 0.241290
v 0.128091 -0.552510 0.195881
v 0.097163 -0.572282 0.148585
v 0.065300 -0.586542 0.099859
v 0.032808 -0.595153 0.050171
v 0.022599 0.595153 0.055747
v 0.044980 0.586542 0.110957
v 0.066927 0.572282 0.165099
v 0.088230 0.552511 0.217651
v 0.108684 0.527418 0.268106
v 0.128091 0.497246 0.315980
v 0.146264 0.462286 0.360811
v 0.163029 0.422873 0.402166
v 0.178223 0.379388 0.439649
v 0.191701 0.332249 0.472898
v 0.203333 0.281911 0.501592
v 0.213007 0.228857 0.525456
v 0.220630 0.173600 0.544259
v 0.226127 0.116671 0.557821
v 0.229447 0.058618 0.566010
v 0.230557 0.000000 0.568749
v 0.229447 -0.058617 0.566010
v 0.226127 -0.116670 0.557821
v 0.220630 -0.173600 0.544259
v 0.213007 -0.228857 0.525456
v 0.203333 -0.281911 0.501592
v 0.191701 -0.332249 0.472898
v 0.178223 -0.379388 0.439649
v 0.163029 -0.422873 0.402167
v 0.146264 -0.462286 0.360811
v 0.128091 -0.497246 0.315980
v 0.108684 -0.527418 0.268107
v 0.088230 -0.552510 0.217651
v 0.066927 -0.572282 0.165099
v 0.044980 -0.586542 0.110958
v 0.022599 -0.595153 0.055747
v 0.011521 0.595153 0.059181
v 0.022930 0.586542 0.117792
v 0.034119 0.572282 0.175268
v 0.044979 0.552511 0.231057
v 0.055407 0.527418 0.284620
v 0.065300 0.497246 0.335443
v 0.074565 0.462286 0.383034
v 0.083111 0.422873 0.426938
v 0.090857 0.379388 0.466729
v 0.097729 0.332249 0.502025
v 0.103658 0.281911 0.532487
v 0.108590 0.228857 0.557821
v 0.112476 0.173600 0.577782
v 0.115279 0.116671 0.592179
v 0.116971 0.058618 0.600873
v 0.117537 0.000000 0.603781
v 0.116971 -0.058617 0.600873
v 0.115279 -0.116670 0.592179
v 0.112476 -0.173600 0.577782
v 0.108590 -0.228857 0.557821
v 0.103658 -0.281911 0.532487
v 0.097729 -0.332249 0.502025
v 0.090857 -0.379388 0.466729
v 0.083111 -0.422873 0.426938
v 0.074565 -0.462286 0.383035
v 0.065300 -0.497246 0.335443
v 0.055407 -0.527418 0.284620
v 0.044979 -0.552510 0.231057
v 0.034119 -0.572282 0.175268
v 0.022930 -0.586542 0.117792
v 0.011521 -0.595153 0.059181
v -0.000000 0.595153 0.060340
v -0.000000 0.586542 0.120099
v -0.000000 0.572282 0.178702
v -0.000000 0.552511 0.235584
v -0.000000 0.527418 0.290196
v -0.000000 0.497246 0.342014
v -0.000000 0.462286 0.390538
v -0.000000 0.422873 0.435302
v -0.000000 0.379388 0.475873
v -0.000000 0.332249 0.511861
v -0.000000 0.281911 0.542919
v 0.000000 0.228857 0.568749
v -0.000000 0.173600 0.589102
v -0.000000 0.116671 0.603781
v -0.000000 0.058618 0.612645
v -0.000000 0.000000 0.615609
v -0.000000 -0.058617 0.612645
v -0.000000 -0.116670 0.603781
v -0.000000 -0.173600 0.589102
v 0.000000 -0.228857 0.568749
v -0.000000 -0.281911 0.542919
v -0.000000 -0.332249 0.511861
v -0.000000 -0.379388 0.475873
v -0.000000 -0.422873 0.435302
v -0.000000 -0.462286 0.390539
v -0.000000 -0.497246 0.342014
v -0.000000 -0.527418 0.290196
v -0.000000 -0.552510 0.235584
v -0.000000 -0.572282 0.178702
v -0.000000 -0.586542 0.120100
v -0.000000 -0.595153 0.060340
v 0.000000 -0.598033 0.000000
v 0.000000 0.598033 -0.000000
v -0.011521 0.595153 0.059181
v -0.022930 0.586542 0.117792
v -0.034119 0.572282 0.175268
v -0.044980 0.552511 0.231057
v -0.055407 0.527418 0.284620
v -0.065300 0.497246 0.335443
v -0.074565 0.462286 0.383034
v -0.083111 0.422873 0.426938
v -0.090858 0.379388 0.466729
v -0.097729 0.332249 0.502025
v -0.103659 0.281911 0.532487
v -0.108590 0.228857 0.557821
v -0.112476 0.173600 0.577782
v -0.115279 0.116671 0.592179
v -0.116971 0.058618 0.600873
v -0.117537 0.000000 0.603781
v -0.116971 -0.058617 0.600873
v -0.115279 -0.116670 0.592179
v -0.112476 -0.173600 0.577782
v -0.108590 -0.228857 0.557821
v -0.103659 -0.281911 0.532487
v -0.097729 -0.332249 0.502025
v -0.090858 -0.379388 0.466729
v -0.083111 -0.422873 0.426938
v -0.074565 -0.462286 0.383035
v -0.065300 -0.497246 0.335443
v -0.055407 -0.527418 0.284620
v -0.044980 -0.552510 0.231057
v -0.034119 -0.572282 0.175268
v -0.022930 -0.586542 0.117792
v -0.011521 -0.595153 0.059181
v -0.022599 0.595153 0.055747
v -0.044980 0.586542 0.110957
v -0.066927 0.572282 0.165099
v -0.088231 0.552511 0.217651
v -0.108684 0.527418 0.268106
v -0.128091 0.497246 0.315980
v -0.146264 0.462286 0.360810
v -0.163029 0.422873 0.402166
v -0.178223 0.379388 0.439649
v -0.191702 0.332249 0.472897
v -0.203333 0.281911 0.501592
v -0.213007 0.228857 0.525456
v -0.220630 0.173600 0.544259
v -0.226127 0.116671 0.557821
v -0.229447 0.058618 0.566010
v -0.230558 0.000000 0.568749
v -0.229447 -0.058617 0.566010
v -0.226127 -0.116670 0.557821
v -0.220630 -0.173600 0.544259
v -0.213007 -0.228857 0.525456
v -0.203333 -0.281911 0.501592
v -0.191702 -0.332249 0.472898
v -0.178223 -0.379388 0.439649
v -0.163029 -0.422873 0.402166
v -0.146264 -0.462286 0.360811
v -0.128091 -0.497246 0.315980
v -0.108684 -0.527418 0.268107
v -0.088231 -0.552510 0.217651
v -0.066927 -0.572282 0.165099
v -0.044980 -0.586542 0.110958
v -0.022599 -0.595153 0.055747
v -0.032808 0.595153 0.050171
v -0.065300 0.586542 0.099859
v -0.097163 0.572282 0.148585
v -0.128091 0.552511 0.195881
v -0.157785 0.527418 0.241289
v -0.185959 0.497246 0.284374
v -0.212343 0.462286 0.324721
v -0.236681 0.422873 0.361940
v -0.258740 0.379388 0.395674
v -0.278307 0.332249 0.425596
v -0.295194 0.281911 0.451421
v -0.309239 0.228857 0.472898
v -0.320305 0.173600 0.489820
v -0.328286 0.116671 0.502025
v -0.333106 0.058618 0.509396
v -0.334718 0.000000 0.511860
v -0.333106 -0.058617 0.509396
v -0.328286 -0.116670 0.502025
v -0.320305 -0.173600 0.489820
v -0.309239 -0.228857 0.472898
v -0.295194 -0.281911 0.451421
v -0.278307 -0.332249 0.425597
v -0.258740 -0.379388 0.395674
v -0.236681 -0.422873 0.361940
v -0.212343 -0.462286 0.324721
v -0.185959 -0.497246 0.284375
v -0.157785 -0.527418 0.241289
v -0.128091 -0.552510 0.195881
v -0.097163 -0.572282 0.148585
v -0.065300 -0.586542 0.099859
v -0.032808 -0.595153 0.050171
v -0.041757 0.595153 0.042667
v -0.083111 0.586542 0.084923
v -0.123665 0.572282 0.126361
v -0.163029 0.552510 0.166583
v -0.200822 0.527418 0.205200
v -0.236681 0.497246 0.241840
v -0.270261 0.462286 0.276152
v -0.301238 0.422873 0.307805
v -0.329314 0.379388 0.336493
v -0.354218 0.332249 0.361940
v -0.375711 0.281911 0.383902
v -0.393586 0.228857 0.402166
v -0.407671 0.173600 0.416558
v -0.417829 0.116671 0.426937
v -0.423963 0.058618 0.433205
v -0.426015 0.000000 0.435301
v -0.423963 -0.058617 0.433205
v -0.417829 -0.116670 0.426937
v -0.407671 -0.173600 0.416558
v -0.393586 -0.228857 0.402166
v -0.375711 -0.281911 0.383902
v -0.354218 -0.332249 0.361940
v -0.329314 -0.379388 0.336493
v -0.301238 -0.422873 0.307805
v -0.270261 -0.462286 0.276152
v -0.236681 -0.497246 0.241841
v -0.200822 -0.527418 0.205200
v -0.163029 -0.552510 0.166583
v -0.123665 -0.572282 0.126361
v -0.083111 -0.586542 0.084923
v -0.041757 -0.595153 0.042667
v -0.049101 0.595153 0.033523
v -0.097729 0.586542 0.066724
v -0.145415 0.572282 0.099281
v -0.191702 0.552510 0.130883
v -0.236142 0.527418 0.161224
v -0.278307 0.497246 0.190013
v -0.317793 0.462286 0.216971
v -0.354218 0.422873 0.241841
v -0.387232 0.379388 0.264381
v -0.416516 0.332249 0.284374
v -0.441790 0.281911 0.301630
v -0.462808 0.228857 0.315980
v -0.479370 0.173600 0.327287
v -0.491315 0.116671 0.335442
v -0.498528 0.058618 0.340367
v -0.500940 0.000000 0.342014
v -0.498528 -0.058617 0.340367
v -0.491315 -0.116670 0.335443
v -0.479370 -0.173600 0.327287
v -0.462808 -0.228857 0.315980
v -0.441790 -0.281911 0.301630
v -0.416516 -0.332249 0.284375
v -0.387232 -0.379388 0.264381
v -0.354218 -0.422873 0.241841
v -0.317793 -0.462286 0.216972
v -0.278307 -0.497246 0.190013
v -0.236142 -0.527418 0.161224
v -0.191702 -0.552510 0.130883
v -0.145415 -0.572282 0.099282
v -0.097729 -0.586542 0.066724
v -0.049101 -0.595153 0.033523
v -0.054558 0.595153 0.023091
v -0.108590 0.586542 0.045960
v -0.161577 0.572282 0.068386
v -0.213007 0.552510 0.090154
v -0.262386 0.527418 0.111053
v -0.309239 0.497246 0.130883
v -0.353113 0.462286 0.149452
v -0.393586 0.422873 0.166583
v -0.430269 0.379388 0.182108
v -0.462808 0.332249 0.195880
v -0.490890 0.281911 0.207766
v -0.514245 0.228857 0.217651
v -0.532647 0.173600 0.225439
v -0.545920 0.116671 0.231057
v -0.553934 0.058618 0.234449
v -0.556615 0.000000 0.235583
v -0.553934 -0.058617 0.234449
v -0.545920 -0.116670 0.231057
v -0.532647 -0.173600 0.225439
v -0.514245 -0.228857 0.217651
v -0.490890 -0.281911 0.207766
v -0.462808 -0.332249 0.195881
v -0.430269 -0.379388 0.182109
v -0.393586 -0.422873 0.166583
v -0.353113 -0.462286 0.149453
v -0.309239 -0.497246 0.130883
v -0.262386 -0.527418 0.111053
v -0.213007 -0.552510 0.090154
v -0.161577 -0.572282 0.068386
v -0.108590 -0.586542 0.045960
v -0.054558 -0.595153 0.023091
v -0.057918 0.595153 0.011772
v -0.115279 0.586542 0.023430
v -0.171529 0.572282 0.034863
v -0.226127 0.552510 0.045960
v -0.278548 0.527418 0.056614
v -0.328286 0.497246 0.066723
v -0.374862 0.462286 0.076190
v -0.417829 0.422873 0.084923
v -0.456771 0.379388 0.092838
v -0.491315 0.332249 0.099859
v -0.521126 0.281911 0.105918
v -0.545920 0.228857 0.110957
v -0.565455 0.173600 0.114928
v -0.579545 0.116670 0.117792
v -0.588054 0.058618 0.119521
v -0.590899 0.000000 0.120099
v -0.588054 -0.058617 0.119521
v -0.579545 -0.116670 0.117792
v -0.565455 -0.173600 0.114928
v -0.545920 -0.228857 0.110957
v -0.521126 -0.281911 0.105918
v -0.491315 -0.332249 0.099859
v -0.456771 -0.379388 0.092838
v -0.417829 -0.422873 0.084923
v -0.374862 -0.462286 0.076190
v -0.328286 -0.497246 0.066724
v -0.278548 -0.527418 0.056615
v -0.226127 -0.552510 0.045960
v -0.171529 -0.572282 0.034863
v -0.115279 -0.586542 0.023430
v -0.057918 -0.595153 0.011772
v -0.059053 0.595153 -0.000000
v -0.117537 0.586542 -0.000000
v -0.174889 0.572282 -0.000000
v -0.230557 0.552510 -0.000000
v -0.284005 0.527418 -0.000000
v -0.334717 0.497246 -0.000000
v -0.382206 0.462286 -0.000000
v -0.426015 0.422873 -0.000000
v -0.465720 0.379388 -0.000000
v -0.500940 0.332249 -0.000000
v -0.531336 0.281911 -0.000000
v -0.556615 0.228857 -0.000000
v -0.576533 0.173600 -0.000000
v -0.590899 0.116670 -0.000000
v -0.599574 0.058617 -0.000000
v -0.602475 -0.000000 -0.000000
v -0.599574 -0.058617 -0.000000
v -0.590899 -0.116670 -0.000000
v -0.576533 -0.173600 -0.000000
v -0.556615 -0.228857 0.000000
v -0.531336 -0.281911 -0.000000
v -0.500940 -0.332249 -0.000000
v -0.465720 -0.379388 -0.000000
v -0.426015 -0.422873 0.000000
v -0.382206 -0.462286 -0.000000
v -0.334717 -0.497246 -0.000000
v -0.284005 -0.527418 0.000000
v -0.230557 -0.552510 0.000000
v -0.174889 -0.572282 0.000000
v -0.117537 -0.586542 0.000000
v -0.059053 -0.595153 0.000000
v -0.057918 0.595153 -0.011772
v -0.115279 0.586542 -0.023430
v -0.171529 0.572282 -0.034863
v -0.226127 0.552510 -0.045960
v -0.278548 0.527418 -0.056615
v -0.328286 0.497246 -0.066724
v -0.374862 0.462286 -0.076190
v -0.417829 0.422873 -0.084923
v -0.456771 0.379388 -0.092838
v -0.491315 0.332249 -0.099859
v -0.521126 0.281911 -0.105918
v -0.545920 0.228857 -0.110957
v -0.565455 0.173600 -0.114928
v -0.579545 0.116670 -0.117792
v -0.588053 0.058617 -0.119521
v -0.590899 -0.000000 -0.120100
v -0.588053 -0.058618 -0.119521
v -0.579545 -0.116670 -0.117792
v -0.565455 -0.173600 -0.114928
v -0.545920 -0.228857 -0.110957
v -0.521126 -0.281911 -0.105918
v -0.491315 -0.332249 -0.099859
v -0.456771 -0.379388 -0.092838
v -0.417829 -0.422873 -0.084923
v -0.374862 -0.462286 -0.076190
v -0.328286 -0.497246 -0.066724
v -0.278548 -0.527418 -0.056614
v -0.226127 -0.552510 -0.045960
v -0.171529 -0.572282 -0.034863
v -0.115279 -0.586542 -0.023430
v -0.057918 -0.595153 -0.011772
v -0.054558 0.595153 -0.023091
v -0.108590 0.586542 -0.045960
v -0.161577 0.572282 -0.068386
v -0.213007 0.552510 -0.090154
v -0.262386 0.527418 -0.111053
v -0.309238 0.497246 -0.130883
v -0.353113 0.462286 -0.149453
v -0.393586 0.422873 -0.166583
v -0.430269 0.379388 -0.182109
v -0.462808 0.332249 -0.195881
v -0.490890 0.281911 -0.207766
v -0.514245 0.228857 -0.217651
v -0.532647 0.173600 -0.225440
v -0.545919 0.116670 -0.231057
v -0.553934 0.058617 -0.234449
v -0.556614 -0.000000 -0.235584
v -0.553934 -0.058618 -0.234449
v -0.545919 -0.116671 -0.231057
v -0.532647 -0.173600 -0.225440
v -0.514245 -0.228857 -0.217651
v -0.490890 -0.281911 -0.207766
v -0.462808 -0.332249 -0.195881
v -0.430269 -0.379388 -0.182109
v -0.393586 -0.422873 -0.166583
v -0.353113 -0.462286 -0.149453
v -0.309238 -0.497246 -0.130883
v -0.262386 -0.527418 -0.111053
v -0.213007 -0.552510 -0.090154
v -0.161577 -0.572282 -0.068386
v -0.108590 -0.586542 -0.045960
v -0.054558 -0.595153 -0.023091
v -0.049101 0.595153 -0.033523
v -0.097728 0.586542 -0.066724
v -0.145415 0.572282 -0.099282
v -0.191701 0.552510 -0.130883
v -0.236141 0.527418 -0.161225
v -0.278307 0.497246 -0.190013
v -0.317793 0.462286 -0.216972
v -0.354218 0.422873 -0.241841
v -0.387232 0.379388 -0.264381
v -0.416516 0.332249 -0.284375
v -0.441790 0.281911 -0.301630
v -0.462808 0.228857 -0.315980
v -0.479370 0.173600 -0.327287
v -0.491315 0.116670 -0.335443
v -0.498528 0.058617 -0.340367
v -0.500940 -0.000000 -0.342014
v -0.498528 -0.058618 -0.340367
v -0.491315 -0.116671 -0.335443
v -0.479370 -0.173600 -0.327287
v -0.462808 -0.228857 -0.315980
v -0.441790 -0.281911 -0.301630
v -0.416516 -0.332249 -0.284375
v -0.387232 -0.379388 -0.264381
v -0.354218 -0.422873 -0.241841
v -0.317793 -0.462286 -0.216972
v -0.278307 -0.497246 -0.190013
v -0.236141 -0.527418 -0.161224
v -0.191701 -0.552510 -0.130883
v -0.145415 -0.572282 -0.099281
v -0.097728 -0.586542 -0.066724
v -0.049101 -0.595153 -0.033523
v -0.041757 0.595153 -0.042667
v -0.083111 0.586542 -0.084923
v -0.123665 0.572282 -0.126361
v -0.163029 0.552510 -0.166583
v -0.200822 0.527418 -0.205200
v -0.236681 0.497246 -0.241841
v -0.270261 0.462286 -0.276153
v -0.301238 0.422873 -0.307805
v -0.329314 0.379388 -0.336493
v -0.354218 0.332249 -0.361940
v -0.375711 0.281911 -0.383902
v -0.393586 0.228857 -0.402166
v -0.407670 0.173600 -0.416558
v -0.417829 0.116670 -0.426938
v -0.423963 0.058617 -0.433205
v -0.426014 -0.000000 -0.435302
v -0.423963 -0.058618 -0.433205
v -0.417829 -0.116671 -0.426938
v -0.407670 -0.173600 -0.416558
v -0.393586 -0.228857 -0.402166
v -0.375711 -0.281911 -0.383902
v -0.354218 -0.332249 -0.361940
v -0.329314 -0.379388 -0.336493
v -0.301238 -0.422873 -0.307805
v -0.270261 -0.462286 -0.276152
v -0.236681 -0.497246 -0.241841
v -0.200822 -0.527418 -0.205200
v -0.163029 -0.552510 -0.166583
v -0.123665 -0.572282 -0.126361
v -0.083111 -0.586542 -0.084923
v -0.041757 -0.595153 -0.042667
v -0.032808 0.595153 -0.050171
v -0.065300 0.586542 -0.099859
v -0.097163 0.572282 -0.148585
v -0.128091 0.552510 -0.195881
v -0.157785 0.527418 -0.241289
v -0.185959 0.497246 -0.284375
v -0.212342 0.462286 -0.324721
v -0.236681 0.422873 -0.361940
v -0.258740 0.379388 -0.395674
v -0.278307 0.332249 -0.425597
v -0.295194 0.281911 -0.451421
v -0.309239 0.228857 -0.472898
v -0.320304 0.173600 -0.489820
v -0.328286 0.116670 -0.502025
v -0.333105 0.058617 -0.509396
v -0.334717 -0.000000 -0.511860
v -0.333105 -0.058618 -0.509396
v -0.328286 -0.116671 -0.502025
v -0.320304 -0.173600 -0.489820
v -0.309239 -0.228857 -0.472898
v -0.295194 -0.281911 -0.451421
v -0.278307 -0.332249 -0.425596
v -0.258740 -0.379388 -0.395674
v -0.236681 -0.422873 -0.361940
v -0.212342 -0.462286 -0.324721
v -0.185959 -0.497246 -0.284374
v -0.157785 -0.527418 -0.241289
v -0.128091 -0.552511 -0.195880
v -0.097163 -0.572282 -0.148585
v -0.065300 -0.586542 -0.099859
v -0.032808 -0.595153 -0.050171
v -0.022599 0.595153 -0.055747
v -0.044979 0.586542 -0.110957
v -0.066927 0.572282 -0.165099
v -0.088230 0.552510 -0.217651
v -0.108684 0.527418 -0.268106
v -0.128091 0.497246 -0.315980
v -0.146264 0.462286 -0.360811
v -0.163029 0.422873 -0.402166
v -0.178223 0.379388 -0.439649
v -0.191701 0.332249 -0.472898
v -0.203333 0.281911 -0.501592
v -0.213007 0.228857 -0.525456
v -0.220629 0.173600 -0.544259
v -0.226127 0.116670 -0.557821
v -0.229447 0.058617 -0.566010
v -0.230557 -0.000000 -0.568749
v -0.229447 -0.058618 -0.566010
v -0.226127 -0.116671 -0.557821
v -0.220629 -0.173600 -0.544259
v -0.213007 -0.228857 -0.525456
v -0.203333 -0.281911 -0.501592
v -0.191701 -0.332249 -0.472897
v -0.178223 -0.379388 -0.439649
v -0.163029 -0.422873 -0.402166
v -0.146264 -0.462286 -0.360810
v -0.128091 -0.497246 -0.315980
v -0.108684 -0.527418 -0.268106
v -0.088230 -0.552511 -0.217651
v -0.066927 -0.572282 -0.165099
v -0.044979 -0.586542 -0.110957
v -0.022599 -0.595153 -0.055747
v -0.011521 0.595153 -0.059181
v -0.022930 0.586542 -0.117792
v -0.034119 0.572282 -0.175268
v -0.044979 0.552510 -0.231057
v -0.055407 0.527418 -0.284620
v -0.065300 0.497246 -0.335443
v -0.074565 0.462286 -0.383034
v -0.083111 0.422873 -0.426938
v -0.090857 0.379388 -0.466729
v -0.097728 0.332249 -0.502025
v -0.103658 0.281911 -0.532487
v -0.108590 0.228857 -0.557821
v -0.112476 0.173600 -0.577782
v -0.115279 0.116670 -0.592179
v -0.116971 0.058617 -0.600873
v -0.117537 -0.000000 -0.603780
v -0.116971 -0.058618 -0.600873
v -0.115279 -0.116671 -0.592179
v -0.112476 -0.173600 -0.577782
v -0.108590 -0.228857 -0.557821
v -0.103658 -0.281911 -0.532487
v -0.097728 -0.332249 -0.502025
v -0.090857 -0.379388 -0.466729
v -0.083111 -0.422873 -0.426938
v -0.074565 -0.462286 -0.383034
v -0.065300 -0.497246 -0.335442
v -0.055407 -0.527418 -0.284620
v -0.044979 -0.552511 -0.231057
v -0.034119 -0.572282 -0.175268
v -0.022930 -0.586542 -0.117792
v -0.011521 -0.595153 -0.059181
v 0.000000 0.595153 -0.060340
v 0.000000 0.586542 -0.120099
v 0.000000 0.572282 -0.178702
v 0.000000 0.552510 -0.235584
v 0.000000 0.527418 -0.290196
v 0.000000 0.497246 -0.342014
v 0.000000 0.422873 -0.435302
v 0.000000 0.332249 -0.511860
v 0.000000 0.281911 -0.542919
v 0.000000 -0.000000 -0.615609
v 0.000000 -0.173600 -0.589101
v 0.000000 -0.228857 -0.568749
v 0.000000 -0.422873 -0.435302
v 0.000000 -0.552511 -0.235583
v 0.000000 -0.572282 -0.178702
vn -0.0000 -0.7805 -0.6252
vn -0.0000 -0.7158 -0.6983
vn 0.1392 -0.7155 -0.6846
vn 0.1246 -0.7802 -0.6130
vn -0.0000 0.3911 -0.9203
vn -0.0000 0.4808 -0.8768
vn 0.1747 0.4805 -0.8594
vn 0.1833 0.3908 -0.9020
vn -0.0000 -0.8374 -0.5466
vn 0.1089 -0.8372 -0.5359
vn -0.0000 0.2972 -0.9548
vn 0.1902 0.2970 -0.9358
vn -0.0000 -0.8863 -0.4632
vn 0.0923 -0.8861 -0.4542
vn -0.0000 0.2000 -0.9798
vn 0.1952 0.1998 -0.9602
vn -0.0000 0.9952 -0.0982
vn -0.0000 1.0000 -0.0000
vn 0.0196 0.9952 -0.0963
vn -0.0000 -0.9267 -0.3759
vn 0.0749 -0.9266 -0.3686
vn -0.0000 0.1006 -0.9949
vn 0.1982 0.1005 -0.9750
vn -0.0000 0.9813 -0.1926
vn 0.0384 0.9812 -0.1889
vn -0.0000 -0.9584 -0.2854
vn 0.0569 -0.9583 -0.2799
vn -0.0000 -0.0000 -1.0000
vn 0.1992 -0.0000 -0.9800
vn -0.0000 0.9584 -0.2854
vn 0.0569 0.9583 -0.2799
vn -0.0000 -0.9813 -0.1926
vn 0.0384 -0.9812 -0.1889
vn -0.0000 -0.1006 -0.9949
vn 0.1982 -0.1005 -0.9750
vn -0.0000 0.9267 -0.3759
vn 0.0749 0.9266 -0.3686
vn -0.0000 -0.9952 -0.0982
vn 0.0196 -0.9952 -0.0963
vn -0.0000 -0.2000 -0.9798
vn 0.1952 -0.1998 -0.9602
vn -0.0000 0.8863 -0.4632
vn 0.0923 0.8861 -0.4542
vn -0.0000 -1.0000 -0.0000
vn -0.0000 -0.2972 -0.9548
vn 0.1902 -0.2970 -0.9358
vn -0.0000 0.8374 -0.5466
vn 0.1089 0.8372 -0.5359
vn -0.0000 -0.3911 -0.9203
vn 0.1833 -0.3908 -0.9020
vn -0.0000 0.7805 -0.6252
vn 0.1246 0.7802 -0.6130
vn -0.0000 -0.4808 -0.8768
vn 0.1747 -0.4805 -0.8594
vn -0.0000 0.7158 -0.6983
vn 0.1392 0.7155 -0.6846
vn -0.0000 -0.5653 -0.8249
vn 0.1643 -0.5650 -0.8086
vn -0.0000 0.6439 -0.7652
vn 0.1525 0.6435 -0.7501
vn -0.0000 -0.6439 -0.7652
vn 0.1525 -0.6435 -0.7501
vn -0.0000 0.5653 -0.8249
vn 0.1643 0.5650 -0.8086
vn 0.1810 0.8857 -0.4276
vn 0.2135 0.8366 -0.5045
vn 0.3723 -0.2963 -0.8795
vn 0.3589 -0.3901 -0.8480
vn 0.2442 0.7795 -0.5769
vn 0.3420 -0.4796 -0.8081
vn 0.2726 0.7146 -0.6442
vn 0.3218 -0.5641 -0.7604
vn 0.2986 0.6426 -0.7056
vn 0.2986 -0.6426 -0.7056
vn 0.3218 0.5641 -0.7604
vn 0.2726 -0.7146 -0.6442
vn 0.3420 0.4796 -0.8081
vn 0.2442 -0.7795 -0.5769
vn 0.3589 0.3901 -0.8480
vn 0.2135 -0.8366 -0.5045
vn 0.3723 0.2963 -0.8795
vn 0.1810 -0.8857 -0.4276
vn 0.3819 0.1994 -0.9024
vn 0.0384 0.9951 -0.0907
vn 0.1469 -0.9263 -0.3471
vn 0.3878 0.1002 -0.9163
vn 0.0753 0.9812 -0.1779
vn 0.1116 -0.9582 -0.2636
vn 0.3898 -0.0000 -0.9209
vn 0.1116 0.9582 -0.2636
vn 0.0753 -0.9812 -0.1779
vn 0.3878 -0.1002 -0.9163
vn 0.1469 0.9263 -0.3471
vn 0.0384 -0.9951 -0.0907
vn 0.3819 -0.1994 -0.9024
vn 0.3540 0.7784 -0.5185
vn 0.3951 0.7134 -0.5787
vn 0.4952 -0.4783 -0.7253
vn 0.4661 -0.5627 -0.6827
vn 0.4326 0.6413 -0.6337
vn 0.4326 -0.6413 -0.6337
vn 0.4661 0.5627 -0.6827
vn 0.3951 -0.7134 -0.5787
vn 0.4952 0.4783 -0.7253
vn 0.3540 -0.7784 -0.5185
vn 0.5195 0.3889 -0.7609
vn 0.3096 -0.8357 -0.4535
vn 0.5387 0.2954 -0.7890
vn 0.2626 -0.8850 -0.3846
vn 0.5526 0.1987 -0.8094
vn 0.0557 0.9951 -0.0816
vn 0.2132 -0.9258 -0.3122
vn 0.5610 0.0999 -0.8217
vn 0.1093 0.9810 -0.1601
vn 0.1619 -0.9579 -0.2372
vn 0.5639 -0.0000 -0.8259
vn 0.1619 0.9579 -0.2372
vn 0.1093 -0.9810 -0.1601
vn 0.5610 -0.0999 -0.8217
vn 0.2132 0.9258 -0.3122
vn 0.0557 -0.9951 -0.0816
vn 0.5526 -0.1987 -0.8094
vn 0.2626 0.8850 -0.3846
vn 0.5387 -0.2954 -0.7890
vn 0.3096 0.8357 -0.4535
vn 0.5195 -0.3889 -0.7609
vn 0.5493 0.6397 -0.5376
vn 0.5916 0.5611 -0.5790
vn 0.5493 -0.6397 -0.5376
vn 0.5019 -0.7120 -0.4912
vn 0.6282 0.4768 -0.6148
vn 0.4498 -0.7771 -0.4402
vn 0.6588 0.3875 -0.6448
vn 0.3936 -0.8347 -0.3852
vn 0.6830 0.2943 -0.6685
vn 0.3339 -0.8842 -0.3267
vn 0.7006 0.1979 -0.6856
vn 0.0709 0.9951 -0.0694
vn 0.2712 -0.9252 -0.2654
vn 0.7111 0.0995 -0.6960
vn 0.1391 0.9809 -0.1361
vn 0.2060 -0.9575 -0.2016
vn 0.7147 -0.0000 -0.6994
vn 0.2060 0.9575 -0.2016
vn 0.1391 -0.9809 -0.1361
vn 0.7111 -0.0995 -0.6960
vn 0.2711 0.9252 -0.2654
vn 0.0709 -0.9951 -0.0694
vn 0.7006 -0.1979 -0.6856
vn 0.3339 0.8842 -0.3267
vn 0.6830 -0.2943 -0.6685
vn 0.3936 0.8347 -0.3852
vn 0.6588 -0.3875 -0.6448
vn 0.4498 0.7771 -0.4402
vn 0.6282 -0.4768 -0.6148
vn 0.5019 0.7120 -0.4912
vn 0.5916 -0.5611 -0.5790
vn 0.7364 0.4753 -0.4815
vn 0.7720 0.3862 -0.5048
vn 0.5280 -0.7758 -0.3453
vn 0.4623 -0.8336 -0.3023
vn 0.8002 0.2932 -0.5232
vn 0.3922 -0.8834 -0.2565
vn 0.8205 0.1971 -0.5366
vn 0.0834 0.9950 -0.0545
vn 0.3186 -0.9247 -0.2084
vn 0.8328 0.0991 -0.5446
vn 0.1635 0.9807 -0.1069
vn 0.2422 -0.9572 -0.1584
vn 0.8369 -0.0000 -0.5473
vn 0.2422 0.9572 -0.1584
vn 0.1635 -0.9807 -0.1069
vn 0.8328 -0.0991 -0.5446
vn 0.3186 0.9247 -0.2084
vn 0.0834 -0.9950 -0.0545
vn 0.8205 -0.1971 -0.5366
vn 0.3922 0.8834 -0.2565
vn 0.8002 -0.2932 -0.5232
vn 0.4623 0.8336 -0.3023
vn 0.7720 -0.3862 -0.5048
vn 0.5280 0.7758 -0.3453
vn 0.7364 -0.4753 -0.4815
vn 0.5889 0.7105 -0.3851
vn 0.6937 -0.5595 -0.4536
vn 0.6443 0.6382 -0.4214
vn 0.6443 -0.6382 -0.4214
vn 0.6937 0.5595 -0.4536
vn 0.5889 -0.7105 -0.3851
vn 0.8863 0.2922 -0.3593
vn 0.9087 0.1965 -0.3684
vn 0.0927 0.9950 -0.0376
vn 0.4355 -0.8827 -0.1765
vn 0.3539 -0.9242 -0.1435
vn 0.9222 0.0987 -0.3738
vn 0.1817 0.9806 -0.0737
vn 0.2690 -0.9569 -0.1091
vn 0.9267 -0.0000 -0.3757
vn 0.2690 0.9569 -0.1091
vn 0.1817 -0.9806 -0.0737
vn 0.9222 -0.0987 -0.3738
vn 0.3539 0.9242 -0.1435
vn 0.0927 -0.9950 -0.0376
vn 0.9087 -0.1965 -0.3684
vn 0.4355 0.8827 -0.1765
vn 0.8863 -0.2922 -0.3593
vn 0.5131 0.8328 -0.2080
vn 0.8553 -0.3850 -0.3467
vn 0.5859 0.7748 -0.2375
vn 0.8160 -0.4740 -0.3308
vn 0.6533 0.7093 -0.2648
vn 0.7689 -0.5582 -0.3117
vn 0.7145 0.6369 -0.2896
vn 0.7145 -0.6369 -0.2896
vn 0.7689 0.5582 -0.3117
vn 0.6533 -0.7093 -0.2648
vn 0.8160 0.4740 -0.3308
vn 0.5859 -0.7748 -0.2375
vn 0.8553 0.3850 -0.3467
vn 0.5131 -0.8328 -0.2080
vn 0.9768 0.0985 -0.1902
vn 0.9816 -0.0000 -0.1911
vn 0.1929 0.9805 -0.0375
vn 0.2855 0.9568 -0.0556
vn 0.2855 -0.9568 -0.0556
vn 0.1929 -0.9805 -0.0375
vn 0.9768 -0.0985 -0.1902
vn 0.3756 0.9239 -0.0731
vn 0.0984 -0.9950 -0.0192
vn 0.9625 -0.1960 -0.1874
vn 0.4621 0.8823 -0.0900
vn 0.9389 -0.2916 -0.1828
vn 0.5443 0.8322 -0.1060
vn 0.9062 -0.3843 -0.1764
vn 0.6214 0.7741 -0.1210
vn 0.8648 -0.4731 -0.1683
vn 0.6927 0.7085 -0.1349
vn 0.8150 -0.5573 -0.1587
vn 0.7575 0.6360 -0.1475
vn 0.7575 -0.6360 -0.1475
vn 0.8150 0.5573 -0.1587
vn 0.6927 -0.7085 -0.1349
vn 0.8648 0.4731 -0.1683
vn 0.6214 -0.7741 -0.1210
vn 0.9062 0.3843 -0.1764
vn 0.5443 -0.8322 -0.1060
vn 0.9389 0.2916 -0.1828
vn 0.4621 -0.8823 -0.0900
vn 0.9625 0.1960 -0.1874
vn 0.0984 0.9950 -0.0192
vn 0.3756 -0.9239 -0.0731
vn 0.9951 -0.0984 -0.0000
vn 0.9806 -0.1959 -0.0000
vn 0.3829 0.9238 -0.0000
vn 0.4711 0.8821 -0.0000
vn 0.1003 -0.9950 -0.0000
vn 0.9566 -0.2914 -0.0000
vn 0.5548 0.8320 -0.0000
vn 0.9233 -0.3840 -0.0000
vn 0.6334 0.7738 -0.0000
vn 0.8811 -0.4728 -0.0000
vn 0.7060 0.7082 -0.0000
vn 0.8305 -0.5570 -0.0000
vn 0.7719 0.6357 -0.0000
vn 0.7719 -0.6357 -0.0000
vn 0.8305 0.5570 -0.0000
vn 0.7060 -0.7082 -0.0000
vn 0.8811 0.4728 -0.0000
vn 0.6334 -0.7738 -0.0000
vn 0.9233 0.3840 -0.0000
vn 0.5548 -0.8320 -0.0000
vn 0.9566 0.2914 -0.0000
vn 0.4711 -0.8821 -0.0000
vn 0.9806 0.1959 -0.0000
vn 0.1003 0.9950 -0.0000
vn 0.3829 -0.9238 -0.0000
vn 0.9951 0.0984 -0.0000
vn 0.1966 0.9805 -0.0000
vn 0.2911 -0.9567 -0.0000
vn 1.0000 -0.0000 -0.0000
vn 0.2911 0.9567 -0.0000
vn 0.1966 -0.9805 -0.0000
vn 0.9389 -0.2916 0.1828
vn 0.9062 -0.3843 0.1764
vn 0.5443 0.8322 0.1060
vn 0.6214 0.7741 0.1210
vn 0.8648 -0.4731 0.1683
vn 0.6927 0.7085 0.1349
vn 0.8150 -0.5573 0.1587
vn 0.7575 0.6360 0.1475
vn 0.7575 -0.6360 0.1475
vn 0.8150 0.5573 0.1587
vn 0.6927 -0.7085 0.1349
vn 0.8648 0.4731 0.1683
vn 0.6214 -0.7741 0.1210
vn 0.9062 0.3843 0.1764
vn 0.5443 -0.8322 0.1060
vn 0.9389 0.2916 0.1828
vn 0.4621 -0.8823 0.0900
vn 0.9625 0.1960 0.1874
vn 0.0984 0.9950 0.0192
vn 0.3756 -0.9239 0.0731
vn 0.9768 0.0985 0.1902
vn 0.1929 0.9805 0.0375
vn 0.2855 -0.9568 0.0556
vn 0.9816 -0.0000 0.1911
vn 0.2855 0.9568 0.0556
vn 0.1929 -0.9805 0.0375
vn 0.9768 -0.0985 0.1902
vn 0.3756 0.9239 0.0731
vn 0.0984 -0.9950 0.0192
vn 0.9625 -0.1960 0.1874
vn 0.4621 0.8823 0.0900
vn 0.8160 -0.4740 0.3308
vn 0.7689 -0.5582 0.3117
vn 0.6533 0.7093 0.2648
vn 0.7145 0.6369 0.2896
vn 0.7145 -0.6369 0.2896
vn 0.7689 0.5582 0.3117
vn 0.6533 -0.7093 0.2648
vn 0.8160 0.4740 0.3308
vn 0.5859 -0.7748 0.2375
vn 0.8553 0.3850 0.3467
vn 0.5131 -0.8328 0.2080
vn 0.8863 0.2922 0.3593
vn 0.4355 -0.8827 0.1765
vn 0.9087 0.1965 0.3684
vn 0.0927 0.9950 0.0376
vn 0.3539 -0.9242 0.1435
vn 0.9222 0.0987 0.3738
vn 0.1817 0.9806 0.0737
vn 0.2690 -0.9569 0.1091
vn 0.9267 -0.0000 0.3757
vn 0.2690 0.9569 0.1091
vn 0.1817 -0.9806 0.0737
vn 0.9222 -0.0987 0.3738
vn 0.3539 0.9242 0.1435
vn 0.0927 -0.9950 0.0376
vn 0.9087 -0.1965 0.3684
vn 0.4355 0.8827 0.1765
vn 0.8863 -0.2922 0.3593
vn 0.5131 0.8328 0.2080
vn 0.8553 -0.3850 0.3467
vn 0.5859 0.7748 0.2375
vn 0.6443 -0.6382 0.4214
vn 0.5889 -0.7105 0.3851
vn 0.6937 0.5595 0.4536
vn 0.7364 0.4753 0.4815
vn 0.5280 -0.7758 0.3453
vn 0.7720 0.3862 0.5048
vn 0.4623 -0.8336 0.3023
vn 0.8002 0.2932 0.5232
vn 0.3922 -0.8834 0.2565
vn 0.8205 0.1971 0.5366
vn 0.0834 0.9950 0.0545
vn 0.3186 -0.9247 0.2084
vn 0.8328 0.0991 0.5446
vn 0.1635 0.9807 0.1069
vn 0.2422 -0.9572 0.1584
vn 0.8369 -0.0000 0.5473
vn 0.2422 0.9572 0.1584
vn 0.1635 -0.9807 0.1069
vn 0.8328 -0.0991 0.5446
vn 0.3186 0.9247 0.2084
vn 0.0834 -0.9950 0.0545
vn 0.8205 -0.1971 0.5366
vn 0.3922 0.8834 0.2565
vn 0.8002 -0.2932 0.5232
vn 0.4623 0.8336 0.3023
vn 0.7720 -0.3862 0.5048
vn 0.5280 0.7758 0.3453
vn 0.7364 -0.4753 0.4815
vn 0.5889 0.7105 0.3851
vn 0.6937 -0.5595 0.4536
vn 0.6443 0.6382 0.4214
vn 0.4498 -0.7771 0.4402
vn 0.3936 -0.8347 0.3852
vn 0.6588 0.3875 0.6448
vn 0.6830 0.2943 0.6685
vn 0.3339 -0.8842 0.3267
vn 0.7006 0.1979 0.6856
vn 0.0709 0.9951 0.0694
vn 0.2711 -0.9252 0.2654
vn 0.7111 0.0995 0.6960
vn 0.1391 0.9809 0.1361
vn 0.2060 -0.9575 0.2016
vn 0.7147 -0.0000 0.6994
vn 0.2060 0.9575 0.2016
vn 0.1391 -0.9809 0.1361
vn 0.7111 -0.0995 0.6960
vn 0.2711 0.9252 0.2654
vn 0.0709 -0.9951 0.0694
vn 0.7006 -0.1979 0.6856
vn 0.3339 0.8842 0.3267
vn 0.6830 -0.2943 0.6685
vn 0.3936 0.8347 0.3852
vn 0.6588 -0.3875 0.6448
vn 0.4498 0.7771 0.4402
vn 0.6282 -0.4768 0.6148
vn 0.5019 0.7120 0.4912
vn 0.5916 -0.5611 0.5790
vn 0.5493 0.6397 0.5376
vn 0.5493 -0.6397 0.5376
vn 0.5916 0.5611 0.5790
vn 0.5019 -0.7120 0.4912
vn 0.6282 0.4768 0.6148
vn 0.2626 -0.8850 0.3846
vn 0.2132 -0.9258 0.3122
vn 0.5526 0.1987 0.8094
vn 0.5610 0.0999 0.8217
vn 0.0557 0.9951 0.0816
vn 0.1093 0.9810 0.1601
vn 0.1619 -0.9579 0.2372
vn 0.5639 -0.0000 0.8259
vn 0.1619 0.9579 0.2372
vn 0.1093 -0.9810 0.1601
vn 0.5610 -0.0999 0.8217
vn 0.2132 0.9258 0.3122
vn 0.0557 -0.9951 0.0816
vn 0.5526 -0.1987 0.8094
vn 0.2626 0.8850 0.3846
vn 0.5387 -0.2954 0.7890
vn 0.3096 0.8357 0.4535
vn 0.5195 -0.3889 0.7609
vn 0.3540 0.7784 0.5185
vn 0.4952 -0.4783 0.7253
vn 0.3951 0.7134 0.5787
vn 0.4661 -0.5627 0.6827
vn 0.4326 0.6413 0.6337
vn 0.4326 -0.6413 0.6337
vn 0.4661 0.5627 0.6827
vn 0.3951 -0.7134 0.5787
vn 0.4952 0.4783 0.7253
vn 0.3540 -0.7784 0.5185
vn 0.5195 0.3889 0.7609
vn 0.3096 -0.8357 0.4535
vn 0.5387 0.2954 0.7890
vn 0.1116 -0.9582 0.2636
vn 0.0753 -0.9812 0.1779
vn 0.3898 -0.0000 0.9209
vn 0.3878 -0.1002 0.9163
vn 0.1116 0.9582 0.2636
vn 0.1469 0.9263 0.3471
vn 0.0384 -0.9951 0.0907
vn 0.3819 -0.1994 0.9024
vn 0.1810 0.8857 0.4276
vn 0.3723 -0.2963 0.8795
vn 0.2135 0.8366 0.5045
vn 0.3589 -0.3901 0.8480
vn 0.2442 0.7795 0.5769
vn 0.3420 -0.4796 0.8081
vn 0.2726 0.7146 0.6442
vn 0.3218 -0.5641 0.7604
vn 0.2986 0.6426 0.7056
vn 0.2986 -0.6426 0.7056
vn 0.3218 0.5641 0.7604
vn 0.2726 -0.7146 0.6442
vn 0.3420 0.4796 0.8081
vn 0.2442 -0.7795 0.5769
vn 0.3589 0.3901 0.8480
vn 0.2135 -0.8366 0.5045
vn 0.3723 0.2963 0.8795
vn 0.1810 -0.8857 0.4276
vn 0.3819 0.1994 0.9024
vn 0.0384 0.9951 0.0907
vn 0.1469 -0.9263 0.3471
vn 0.3878 0.1002 0.9163
vn 0.0753 0.9812 0.1779
vn 0.0196 -0.9952 0.0963
vn 0.1952 -0.1998 0.9602
vn 0.1902 -0.2970 0.9358
vn 0.0923 0.8861 0.4542
vn 0.1089 0.8372 0.5359
vn 0.1833 -0.3908 0.9020
vn 0.1246 0.7802 0.6130
vn 0.1747 -0.4805 0.8594
vn 0.1392 0.7155 0.6846
vn 0.1643 -0.5650 0.8086
vn 0.1525 0.6435 0.7501
vn 0.1525 -0.6435 0.7501
vn 0.1643 0.5650 0.8086
vn 0.1392 -0.7155 0.6846
vn 0.1747 0.4805 0.8594
vn 0.1246 -0.7802 0.6130
vn 0.1833 0.3908 0.9020
vn 0.1089 -0.8372 0.5359
vn 0.1902 0.2970 0.9358
vn 0.0923 -0.8861 0.4542
vn 0.1952 0.1998 0.9602
vn 0.0196 0.9952 0.0963
vn 0.0749 -0.9266 0.3686
vn 0.1982 0.1005 0.9750
vn 0.0384 0.9812 0.1889
vn 0.0569 -0.9583 0.2799
vn 0.1992 -0.0000 0.9800
vn 0.0569 0.9583 0.2799
vn 0.0384 -0.9812 0.1889
vn 0.1982 -0.1005 0.9750
vn 0.0749 0.9266 0.3686
vn -0.0000 -0.3911 0.9203
vn -0.0000 -0.4808 0.8768
vn -0.0000 0.7805 0.6252
vn -0.0000 0.7158 0.6983
vn -0.0000 -0.5653 0.8249
vn -0.0000 0.6439 0.7652
vn -0.0000 -0.6439 0.7652
vn -0.0000 0.5653 0.8249
vn -0.0000 -0.7158 0.6983
vn -0.0000 0.4808 0.8768
vn -0.0000 -0.7805 0.6252
vn -0.0000 0.3911 0.9203
vn -0.0000 -0.8374 0.5466
vn -0.0000 0.2972 0.9548
vn -0.0000 -0.8863 0.4632
vn -0.0000 0.2000 0.9798
vn -0.0000 0.9952 0.0982
vn -0.0000 -0.9267 0.3759
vn -0.0000 0.1006 0.9949
vn -0.0000 0.9813 0.1926
vn -0.0000 -0.9584 0.2854
vn -0.0000 -0.0000 1.0000
vn -0.0000 0.9584 0.2854
vn -0.0000 -0.9813 0.1926
vn -0.0000 -0.1006 0.9949
vn -0.0000 0.9267 0.3759
vn -0.0000 -0.9952 0.0982
vn -0.0000 -0.2000 0.9798
vn -0.0000 0.8863 0.4632
vn -0.0000 -0.2972 0.9548
vn -0.0000 0.8374 0.5466
vn -0.1643 -0.5650 0.8086
vn -0.1525 -0.6435 0.7501
vn -0.1525 0.6435 0.7501
vn -0.1643 0.5650 0.8086
vn -0.1392 -0.7155 0.6846
vn -0.1747 0.4805 0.8594
vn -0.1246 -0.7802 0.6130
vn -0.1833 0.3908 0.9020
vn -0.1089 -0.8372 0.5359
vn -0.1902 0.2970 0.9358
vn -0.0923 -0.8861 0.4542
vn -0.1952 0.1998 0.9602
vn -0.0196 0.9952 0.0963
vn -0.0749 -0.9266 0.3686
vn -0.1982 0.1005 0.9750
vn -0.0384 0.9812 0.1889
vn -0.0569 -0.9583 0.2799
vn -0.1992 -0.0000 0.9800
vn -0.0569 0.9583 0.2799
vn -0.0384 -0.9812 0.1889
vn -0.1982 -0.1005 0.9750
vn -0.0749 0.9266 0.3686
vn -0.0196 -0.9952 0.0963
vn -0.1952 -0.1998 0.9602
vn -0.0923 0.8861 0.4542
vn -0.1902 -0.2970 0.9358
vn -0.1089 0.8372 0.5359
vn -0.1833 -0.3908 0.9020
vn -0.1246 0.7802 0.6130
vn -0.1747 -0.4805 0.8594
vn -0.1392 0.7155 0.6846
vn -0.2726 -0.7146 0.6442
vn -0.2442 -0.7795 0.5769
vn -0.3420 0.4796 0.8081
vn -0.3589 0.3901 0.8480
vn -0.2135 -0.8366 0.5045
vn -0.3723 0.2963 0.8795
vn -0.1810 -0.8857 0.4276
vn -0.3819 0.1994 0.9024
vn -0.0384 0.9951 0.0907
vn -0.1469 -0.9263 0.3471
vn -0.3878 0.1002 0.9163
vn -0.0753 0.9812 0.1779
vn -0.1116 -0.9582 0.2636
vn -0.3898 -0.0000 0.9209
vn -0.1116 0.9582 0.2636
vn -0.0753 -0.9812 0.1779
vn -0.3878 -0.1002 0.9163
vn -0.1469 0.9263 0.3471
vn -0.0384 -0.9951 0.0907
vn -0.3819 -0.1994 0.9024
vn -0.1810 0.8857 0.4276
vn -0.3723 -0.2963 0.8795
vn -0.2135 0.8366 0.5045
vn -0.3589 -0.3901 0.8480
vn -0.2442 0.7795 0.5769
vn -0.3420 -0.4796 0.8081
vn -0.2726 0.7146 0.6442
vn -0.3218 -0.5641 0.7604
vn -0.2986 0.6426 0.7056
vn -0.2986 -0.6426 0.7056
vn -0.3218 0.5641 0.7604
vn -0.3096 -0.8357 0.4535
vn -0.2626 -0.8850 0.3846
vn -0.5387 0.2954 0.7890
vn -0.5526 0.1987 0.8094
vn -0.0557 0.9951 0.0816
vn -0.2132 -0.9258 0.3122
vn -0.5610 0.0999 0.8217
vn -0.1093 0.9810 0.1601
vn -0.1619 -0.9579 0.2372
vn -0.5639 -0.0000 0.8259
vn -0.1619 0.9579 0.2372
vn -0.1093 -0.9810 0.1601
vn -0.5610 -0.0999 0.8217
vn -0.2132 0.9258 0.3122
vn -0.0557 -0.9951 0.0816
vn -0.5526 -0.1987 0.8094
vn -0.2626 0.8850 0.3846
vn -0.5387 -0.2954 0.7890
vn -0.3096 0.8357 0.4535
vn -0.5195 -0.3889 0.7609
vn -0.3540 0.7784 0.5185
vn -0.4952 -0.4783 0.7253
vn -0.3951 0.7134 0.5787
vn -0.4661 -0.5627 0.6827
vn -0.4326 0.6413 0.6337
vn -0.4326 -0.6413 0.6337
vn -0.4661 0.5627 0.6827
vn -0.3951 -0.7134 0.5787
vn -0.4952 0.4783 0.7253
vn -0.3540 -0.7784 0.5185
vn -0.5195 0.3889 0.7609
vn -0.0709 0.9951 0.0694
vn -0.1391 0.9809 0.1361
vn -0.2711 -0.9252 0.2654
vn -0.2060 -0.9575 0.2016
vn -0.7111 0.0995 0.6960
vn -0.7147 -0.0000 0.6994
vn -0.2060 0.9575 0.2016
vn -0.1391 -0.9809 0.1361
vn -0.7111 -0.0995 0.6960
vn -0.2711 0.9252 0.2654
vn -0.0709 -0.9951 0.0694
vn -0.7006 -0.1979 0.6856
vn -0.3339 0.8842 0.3267
vn -0.6830 -0.2943 0.6685
vn -0.3936 0.8347 0.3852
vn -0.6588 -0.3875 0.6448
vn -0.4498 0.7771 0.4402
vn -0.6282 -0.4768 0.6148
vn -0.5019 0.7120 0.4912
vn -0.5916 -0.5611 0.5790
vn -0.5493 0.6397 0.5376
vn -0.5493 -0.6397 0.5376
vn -0.5916 0.5611 0.5790
vn -0.5019 -0.7120 0.4912
vn -0.6282 0.4768 0.6148
vn -0.4498 -0.7771 0.4402
vn -0.6588 0.3875 0.6448
vn -0.3936 -0.8347 0.3852
vn -0.6830 0.2943 0.6685
vn -0.3339 -0.8842 0.3267
vn -0.7006 0.1979 0.6856
vn -0.2422 0.9572 0.1584
vn -0.3186 0.9247 0.2084
vn -0.1635 -0.9807 0.1069
vn -0.0834 -0.9950 0.0545
vn -0.8328 -0.0991 0.5446
vn -0.8205 -0.1971 0.5366
vn -0.3922 0.8834 0.2565
vn -0.8002 -0.2932 0.5232
vn -0.4623 0.8336 0.3023
vn -0.7720 -0.3862 0.5048
vn -0.5280 0.7758 0.3453
vn -0.7364 -0.4753 0.4815
vn -0.5889 0.7105 0.3851
vn -0.6937 -0.5595 0.4536
vn -0.6443 0.6382 0.4214
vn -0.6443 -0.6382 0.4214
vn -0.6937 0.5595 0.4536
vn -0.5889 -0.7105 0.3851
vn -0.7364 0.4753 0.4815
vn -0.5280 -0.7758 0.3453
vn -0.7720 0.3862 0.5048
vn -0.4623 -0.8336 0.3023
vn -0.8002 0.2932 0.5232
vn -0.3922 -0.8834 0.2565
vn -0.8205 0.1971 0.5366
vn -0.0834 0.9950 0.0545
vn -0.3186 -0.9247 0.2084
vn -0.8328 0.0991 0.5446
vn -0.1635 0.9807 0.1069
vn -0.2422 -0.9572 0.1584
vn -0.8369 -0.0000 0.5473
vn -0.4355 0.8827 0.1765
vn -0.5131 0.8328 0.2080
vn -0.8863 -0.2922 0.3593
vn -0.8553 -0.3850 0.3467
vn -0.5859 0.7748 0.2375
vn -0.8160 -0.4740 0.3308
vn -0.6533 0.7093 0.2648
vn -0.7689 -0.5582 0.3117
vn -0.7145 0.6369 0.2896
vn -0.7145 -0.6369 0.2896
vn -0.7689 0.5582 0.3117
vn -0.6533 -0.7093 0.2648
vn -0.8160 0.4740 0.3308
vn -0.5859 -0.7748 0.2375
vn -0.8553 0.3850 0.3467
vn -0.5131 -0.8328 0.2080
vn -0.8863 0.2922 0.3593
vn -0.4355 -0.8827 0.1765
vn -0.9087 0.1965 0.3684
vn -0.0927 0.9950 0.0376
vn -0.3539 -0.9242 0.1435
vn -0.9222 0.0987 0.3738
vn -0.1817 0.9806 0.0737
vn -0.2690 -0.9569 0.1091
vn -0.9267 -0.0000 0.3757
vn -0.2690 0.9569 0.1091
vn -0.1817 -0.9806 0.0737
vn -0.9222 -0.0987 0.3738
vn -0.3539 0.9242 0.1435
vn -0.0927 -0.9950 0.0376
vn -0.9087 -0.1965 0.3684
vn -0.6214 0.7741 0.1210
vn -0.6927 0.7085 0.1349
vn -0.8648 -0.4731 0.1683
vn -0.8150 -0.5573 0.1587
vn -0.7575 0.6360 0.1475
vn -0.7575 -0.6360 0.1475
vn -0.8150 0.5573 0.1587
vn -0.6927 -0.7085 0.1349
vn -0.8648 0.4731 0.1683
vn -0.6214 -0.7741 0.1210
vn -0.9062 0.3843 0.1764
vn -0.5443 -0.8322 0.1060
vn -0.9389 0.2916 0.1828
vn -0.4621 -0.8823 0.0900
vn -0.9625 0.1960 0.1874
vn -0.0984 0.9950 0.0192
vn -0.3756 -0.9239 0.0731
vn -0.9768 0.0985 0.1902
vn -0.1929 0.9805 0.0375
vn -0.2855 -0.9568 0.0556
vn -0.9816 -0.0000 0.1911
vn -0.2855 0.9568 0.0556
vn -0.1929 -0.9805 0.0375
vn -0.9768 -0.0985 0.1902
vn -0.3756 0.9239 0.0731
vn -0.0984 -0.9950 0.0192
vn -0.9625 -0.1960 0.1874
vn -0.4621 0.8823 0.0900
vn -0.9389 -0.2916 0.1828
vn -0.5443 0.8322 0.1060
vn -0.9062 -0.3843 0.1764
vn -0.7719 0.6357 -0.0000
vn -0.8305 0.5570 -0.0000
vn -0.7719 -0.6357 -0.0000
vn -0.7060 -0.7082 -0.0000
vn -0.8811 0.4728 -0.0000
vn -0.6334 -0.7738 -0.0000
vn -0.9233 0.3840 -0.0000
vn -0.5548 -0.8320 -0.0000
vn -0.9566 0.2914 -0.0000
vn -0.4711 -0.8821 -0.0000
vn -0.9806 0.1959 -0.0000
vn -0.1003 0.9950 -0.0000
vn -0.3829 -0.9238 -0.0000
vn -0.9951 0.0984 -0.0000
vn -0.1966 0.9805 -0.0000
vn -0.2911 -0.9567 -0.0000
vn -1.0000 -0.0000 -0.0000
vn -0.2911 0.9567 -0.0000
vn -0.1966 -0.9805 -0.0000
vn -0.9951 -0.0984 -0.0000
vn -0.3829 0.9238 -0.0000
vn -0.1003 -0.9950 -0.0000
vn -0.9806 -0.1959 -0.0000
vn -0.4711 0.8821 -0.0000
vn -0.9566 -0.2914 -0.0000
vn -0.5548 0.8320 -0.0000
vn -0.9233 -0.3840 -0.0000
vn -0.6334 0.7738 -0.0000
vn -0.8811 -0.4728 -0.0000
vn -0.7060 0.7082 -0.0000
vn -0.8305 -0.5570 -0.0000
vn -0.8648 0.4731 -0.1683
vn -0.9062 0.3843 -0.1764
vn -0.6214 -0.7741 -0.1210
vn -0.5443 -0.8322 -0.1060
vn -0.9389 0.2916 -0.1828
vn -0.4621 -0.8823 -0.0900
vn -0.9625 0.1960 -0.1874
vn -0.0984 0.9950 -0.0192
vn -0.3756 -0.9239 -0.0731
vn -0.9768 0.0985 -0.1902
vn -0.1929 0.9805 -0.0375
vn -0.2855 -0.9568 -0.0556
vn -0.9816 -0.0000 -0.1911
vn -0.2855 0.9568 -0.0556
vn -0.1929 -0.9805 -0.0375
vn -0.9768 -0.0985 -0.1902
vn -0.3756 0.9239 -0.0731
vn -0.0984 -0.9950 -0.0192
vn -0.9625 -0.1960 -0.1874
vn -0.4621 0.8823 -0.0900
vn -0.9389 -0.2916 -0.1828
vn -0.5443 0.8322 -0.1060
vn -0.9062 -0.3843 -0.1764
vn -0.6214 0.7741 -0.1210
vn -0.8648 -0.4731 -0.1683
vn -0.6927 0.7085 -0.1349
vn -0.8150 -0.5573 -0.1587
vn -0.7575 0.6360 -0.1475
vn -0.7575 -0.6360 -0.1475
vn -0.8150 0.5573 -0.1587
vn -0.6927 -0.7085 -0.1349
vn -0.8863 0.2922 -0.3593
vn -0.9087 0.1965 -0.3684
vn -0.0927 0.9950 -0.0376
vn -0.4355 -0.8827 -0.1765
vn -0.3539 -0.9242 -0.1435
vn -0.9222 0.0987 -0.3738
vn -0.1817 0.9806 -0.0737
vn -0.2690 -0.9569 -0.1091
vn -0.9267 -0.0000 -0.3757
vn -0.2690 0.9569 -0.1091
vn -0.1817 -0.9806 -0.0737
vn -0.9222 -0.0987 -0.3738
vn -0.3539 0.9242 -0.1435
vn -0.0927 -0.9950 -0.0376
vn -0.9087 -0.1965 -0.3684
vn -0.4355 0.8827 -0.1765
vn -0.8863 -0.2922 -0.3593
vn -0.5131 0.8328 -0.2080
vn -0.8553 -0.3850 -0.3467
vn -0.5859 0.7748 -0.2375
vn -0.8160 -0.4740 -0.3308
vn -0.6533 0.7093 -0.2648
vn -0.7689 -0.5582 -0.3117
vn -0.7145 0.6369 -0.2896
vn -0.7145 -0.6369 -0.2896
vn -0.7689 0.5582 -0.3117
vn -0.6533 -0.7093 -0.2648
vn -0.8160 0.4740 -0.3308
vn -0.5859 -0.7748 -0.2375
vn -0.8553 0.3850 -0.3467
vn -0.5131 -0.8328 -0.2080
vn -0.6937 -0.5595 -0.4536
vn -0.6443 -0.6382 -0.4214
vn -0.6443 0.6382 -0.4214
vn -0.6937 0.5595 -0.4536
vn -0.5889 -0.7105 -0.3851
vn -0.7364 0.4753 -0.4815
vn -0.5280 -0.7758 -0.3453
vn -0.7720 0.3862 -0.5048
vn -0.4623 -0.8336 -0.3023
vn -0.8002 0.2932 -0.5232
vn -0.3922 -0.8834 -0.2565
vn -0.8205 0.1971 -0.5366
vn -0.0834 0.9950 -0.0545
vn -0.3186 -0.9247 -0.2084
vn -0.8328 0.0991 -0.5446
vn -0.1635 0.9807 -0.1069
vn -0.2422 -0.9572 -0.1584
vn -0.8369 -0.0000 -0.5473
vn -0.2422 0.9572 -0.1584
vn -0.1635 -0.9807 -0.1069
vn -0.8328 -0.0991 -0.5446
vn -0.3186 0.9247 -0.2084
vn -0.0834 -0.9950 -0.0545
vn -0.8205 -0.1971 -0.5366
vn -0.3922 0.8834 -0.2565
vn -0.8002 -0.2932 -0.5232
vn -0.4623 0.8336 -0.3023
vn -0.7720 -0.3862 -0.5048
vn -0.5280 0.7758 -0.3453
vn -0.7364 -0.4753 -0.4815
vn -0.5889 0.7105 -0.3851
vn -0.5019 -0.7120 -0.4912
vn -0.4498 -0.7771 -0.4402
vn -0.6282 0.4768 -0.6148
vn -0.6588 0.3875 -0.6448
vn -0.3936 -0.8347 -0.3852
vn -0.6830 0.2943 -0.6685
vn -0.3339 -0.8842 -0.3267
vn -0.7006 0.1979 -0.6856
vn -0.0709 0.9951 -0.0694
vn -0.2711 -0.9252 -0.2654
vn -0.7111 0.0995 -0.6960
vn -0.1391 0.9809 -0.1361
vn -0.2060 -0.9575 -0.2016
vn -0.7147 -0.0000 -0.6994
vn -0.2060 0.9575 -0.2016
vn -0.1391 -0.9809 -0.1361
vn -0.7111 -0.0995 -0.6960
vn -0.2711 0.9252 -0.2654
vn -0.0709 -0.9951 -0.0694
vn -0.7006 -0.1979 -0.6856
vn -0.3339 0.8842 -0.3267
vn -0.6830 -0.2943 -0.6685
vn -0.3936 0.8347 -0.3852
vn -0.6588 -0.3875 -0.6448
vn -0.4498 0.7771 -0.4402
vn -0.6282 -0.4768 -0.6148
vn -0.5019 0.7120 -0.4912
vn -0.5916 -0.5611 -0.5790
vn -0.5493 0.6397 -0.5376
vn -0.5493 -0.6397 -0.5376
vn -0.5916 0.5611 -0.5790
vn -0.3096 -0.8357 -0.4535
vn -0.2626 -0.8850 -0.3846
vn -0.5387 0.2954 -0.7890
vn -0.5526 0.1987 -0.8094
vn -0.0557 0.9951 -0.0816
vn -0.2132 -0.9258 -0.3122
vn -0.5610 0.0999 -0.8217
vn -0.1093 0.9810 -0.1601
vn -0.1619 -0.9579 -0.2372
vn -0.5639 -0.0000 -0.8259
vn -0.1619 0.9579 -0.2372
vn -0.1093 -0.9810 -0.1601
vn -0.5610 -0.0999 -0.8217
vn -0.2132 0.9258 -0.3122
vn -0.0557 -0.9951 -0.0816
vn -0.5526 -0.1987 -0.8094
vn -0.2626 0.8850 -0.3846
vn -0.5387 -0.2954 -0.7890
vn -0.3096 0.8357 -0.4535
vn -0.5195 -0.3889 -0.7609
vn -0.3540 0.7784 -0.5185
vn -0.4952 -0.4783 -0.7253
vn -0.3951 0.7134 -0.5787
vn -0.4661 -0.5627 -0.6827
vn -0.4326 0.6413 -0.6337
vn -0.4326 -0.6413 -0.6337
vn -0.4661 0.5627 -0.6827
vn -0.3951 -0.7134 -0.5787
vn -0.4952 0.4783 -0.7253
vn -0.3540 -0.7784 -0.5185
vn -0.5195 0.3889 -0.7609
vn -0.1469 -0.9263 -0.3471
vn -0.1116 -0.9582 -0.2636
vn -0.3878 0.1002 -0.9163
vn -0.3898 -0.0000 -0.9209
vn -0.0753 0.9812 -0.1779
vn -0.1116 0.9582 -0.2636
vn -0.0753 -0.9812 -0.1779
vn -0.3878 -0.1002 -0.9163
vn -0.1469 0.9263 -0.3471
vn -0.0384 -0.9951 -0.0907
vn -0.3819 -0.1994 -0.9024
vn -0.1810 0.8856 -0.4276
vn -0.3723 -0.2963 -0.8795
vn -0.2135 0.8366 -0.5045
vn -0.3589 -0.3901 -0.8480
vn -0.2442 0.7795 -0.5769
vn -0.3420 -0.4796 -0.8081
vn -0.2726 0.7146 -0.6442
vn -0.3218 -0.5641 -0.7604
vn -0.2986 0.6426 -0.7056
vn -0.2986 -0.6426 -0.7056
vn -0.3218 0.5641 -0.7604
vn -0.2726 -0.7146 -0.6442
vn -0.3420 0.4796 -0.8081
vn -0.2442 -0.7795 -0.5769
vn -0.3589 0.3901 -0.8480
vn -0.2135 -0.8366 -0.5045
vn -0.3723 0.2963 -0.8795
vn -0.1810 -0.8857 -0.4276
vn -0.3819 0.1994 -0.9024
vn -0.0384 0.9951 -0.0907
vn -0.0384 -0.9812 -0.1889
vn -0.0196 -0.9952 -0.0963
vn -0.1982 -0.1005 -0.9750
vn -0.1952 -0.1998 -0.9602
vn -0.0749 0.9266 -0.3686
vn -0.0923 0.8861 -0.4542
vn -0.1902 -0.2970 -0.9358
vn -0.1089 0.8372 -0.5359
vn -0.1833 -0.3908 -0.9020
vn -0.1246 0.7802 -0.6130
vn -0.1747 -0.4805 -0.8594
vn -0.1392 0.7155 -0.6846
vn -0.1643 -0.5650 -0.8086
vn -0.1525 0.6435 -0.7501
vn -0.1525 -0.6435 -0.7501
vn -0.1643 0.5650 -0.8086
vn -0.1392 -0.7155 -0.6846
vn -0.1747 0.4805 -0.8594
vn -0.1246 -0.7802 -0.6130
vn -0.1833 0.3909 -0.9020
vn -0.1089 -0.8372 -0.5359
vn -0.1902 0.2970 -0.9358
vn -0.0923 -0.8861 -0.4542
vn -0.1952 0.1998 -0.9602
vn -0.0196 0.9952 -0.0963
vn -0.0749 -0.9266 -0.3686
vn -0.1982 0.1005 -0.9750
vn -0.0384 0.9812 -0.1889
vn -0.0569 -0.9583 -0.2799
vn -0.1992 -0.0000 -0.9800
vn -0.0569 0.9583 -0.2799
vt 0.750000 0.218750
vt 0.750000 0.250000
vt 0.718750 0.250000
vt 0.718750 0.218750
vt 0.750000 0.625000
vt 0.750000 0.656250
vt 0.718750 0.656250
vt 0.718750 0.625000
vt 0.750000 0.187500
vt 0.718750 0.187500
vt 0.750000 0.593750
vt 0.718750 0.593750
vt 0.750000 0.156250
vt 0.718750 0.156250
vt 0.750000 0.562500
vt 0.718750 0.562500
vt 0.750000 0.968750
vt 0.734375 1.000000
vt 0.718750 0.968750
vt 0.750000 0.125000
vt 0.718750 0.125000
vt 0.750000 0.531250
vt 0.718750 0.531250
vt 0.750000 0.937500
vt 0.718750 0.937500
vt 0.750000 0.093750
vt 0.718750 0.093750
vt 0.750000 0.500000
vt 0.718750 0.500000
vt 0.750000 0.906250
vt 0.718750 0.906250
vt 0.750000 0.062500
vt 0.718750 0.062500
vt 0.750000 0.468750
vt 0.718750 0.468750
vt 0.750000 0.875000
vt 0.718750 0.875000
vt 0.750000 0.031250
vt 0.718750 0.031250
vt 0.750000 0.437500
vt 0.718750 0.437500
vt 0.750000 0.843750
vt 0.718750 0.843750
vt 0.734375 0.000000
vt 0.750000 0.406250
vt 0.718750 0.406250
vt 0.750000 0.812500
vt 0.718750 0.812500
vt 0.750000 0.375000
vt 0.718750 0.375000
vt 0.750000 0.781250
vt 0.718750 0.781250
vt 0.750000 0.343750
vt 0.718750 0.343750
vt 0.750000 0.750000
vt 0.718750 0.750000
vt 0.750000 0.312500
vt 0.718750 0.312500
vt 0.750000 0.718750
vt 0.718750 0.718750
vt 0.750000 0.281250
vt 0.718750 0.281250
vt 0.750000 0.687500
vt 0.718750 0.687500
vt 0.687500 0.843750
vt 0.687500 0.812500
vt 0.687500 0.406250
vt 0.687500 0.375000
vt 0.687500 0.781250
vt 0.687500 0.343750
vt 0.687500 0.750000
vt 0.687500 0.312500
vt 0.687500 0.718750
vt 0.687500 0.281250
vt 0.687500 0.687500
vt 0.687500 0.250000
vt 0.687500 0.656250
vt 0.687500 0.218750
vt 0.687500 0.625000
vt 0.687500 0.187500
vt 0.687500 0.593750
vt 0.687500 0.156250
vt 0.687500 0.562500
vt 0.703125 1.000000
vt 0.687500 0.968750
vt 0.687500 0.125000
vt 0.687500 0.531250
vt 0.687500 0.937500
vt 0.687500 0.093750
vt 0.687500 0.500000
vt 0.687500 0.906250
vt 0.687500 0.062500
vt 0.687500 0.468750
vt 0.687500 0.875000
vt 0.687500 0.031250
vt 0.687500 0.437500
vt 0.703125 0.000000
vt 0.656250 0.781250
vt 0.656250 0.750000
vt 0.656250 0.343750
vt 0.656250 0.312500
vt 0.656250 0.718750
vt 0.656250 0.281250
vt 0.656250 0.687500
vt 0.656250 0.250000
vt 0.656250 0.656250
vt 0.656250 0.218750
vt 0.656250 0.625000
vt 0.656250 0.187500
vt 0.656250 0.593750
vt 0.656250 0.156250
vt 0.656250 0.562500
vt 0.671875 1.000000
vt 0.656250 0.968750
vt 0.656250 0.125000
vt 0.656250 0.531250
vt 0.656250 0.937500
vt 0.656250 0.093750
vt 0.656250 0.500000
vt 0.656250 0.906250
vt 0.656250 0.062500
vt 0.656250 0.468750
vt 0.656250 0.875000
vt 0.656250 0.031250
vt 0.656250 0.437500
vt 0.656250 0.843750
vt 0.671875 0.000000
vt 0.656250 0.406250
vt 0.656250 0.812500
vt 0.656250 0.375000
vt 0.625000 0.718750
vt 0.625000 0.687500
vt 0.625000 0.281250
vt 0.625000 0.250000
vt 0.625000 0.656250
vt 0.625000 0.218750
vt 0.625000 0.625000
vt 0.625000 0.187500
vt 0.625000 0.593750
vt 0.625000 0.156250
vt 0.625000 0.562500
vt 0.640625 1.000000
vt 0.625000 0.968750
vt 0.625000 0.125000
vt 0.625000 0.531250
vt 0.625000 0.937500
vt 0.625000 0.093750
vt 0.625000 0.500000
vt 0.625000 0.906250
vt 0.625000 0.062500
vt 0.625000 0.468750
vt 0.625000 0.875000
vt 0.625000 0.031250
vt 0.625000 0.437500
vt 0.625000 0.843750
vt 0.640625 0.000000
vt 0.625000 0.406250
vt 0.625000 0.812500
vt 0.625000 0.375000
vt 0.625000 0.781250
vt 0.625000 0.343750
vt 0.625000 0.750000
vt 0.625000 0.312500
vt 0.593750 0.656250
vt 0.593750 0.625000
vt 0.593750 0.218750
vt 0.593750 0.187500
vt 0.593750 0.593750
vt 0.593750 0.156250
vt 0.593750 0.562500
vt 0.609375 1.000000
vt 0.593750 0.968750
vt 0.593750 0.125000
vt 0.593750 0.531250
vt 0.593750 0.937500
vt 0.593750 0.093750
vt 0.593750 0.500000
vt 0.593750 0.906250
vt 0.593750 0.062500
vt 0.593750 0.468750
vt 0.593750 0.875000
vt 0.593750 0.031250
vt 0.593750 0.437500
vt 0.593750 0.843750
vt 0.609375 0.000000
vt 0.593750 0.406250
vt 0.593750 0.812500
vt 0.593750 0.375000
vt 0.593750 0.781250
vt 0.593750 0.343750
vt 0.593750 0.750000
vt 0.593750 0.312500
vt 0.593750 0.718750
vt 0.593750 0.281250
vt 0.593750 0.687500
vt 0.593750 0.250000
vt 0.562500 0.593750
vt 0.562500 0.562500
vt 0.578125 1.000000
vt 0.562500 0.968750
vt 0.562500 0.156250
vt 0.562500 0.125000
vt 0.562500 0.531250
vt 0.562500 0.937500
vt 0.562500 0.093750
vt 0.562500 0.500000
vt 0.562500 0.906250
vt 0.562500 0.062500
vt 0.562500 0.468750
vt 0.562500 0.875000
vt 0.562500 0.031250
vt 0.562500 0.437500
vt 0.562500 0.843750
vt 0.578125 0.000000
vt 0.562500 0.406250
vt 0.562500 0.812500
vt 0.562500 0.375000
vt 0.562500 0.781250
vt 0.562500 0.343750
vt 0.562500 0.750000
vt 0.562500 0.312500
vt 0.562500 0.718750
vt 0.562500 0.281250
vt 0.562500 0.687500
vt 0.562500 0.250000
vt 0.562500 0.656250
vt 0.562500 0.218750
vt 0.562500 0.625000
vt 0.562500 0.187500
vt 0.531250 0.531250
vt 0.531250 0.500000
vt 0.531250 0.937500
vt 0.531250 0.906250
vt 0.531250 0.093750
vt 0.531250 0.062500
vt 0.531250 0.468750
vt 0.531250 0.875000
vt 0.531250 0.031250
vt 0.531250 0.437500
vt 0.531250 0.843750
vt 0.546875 0.000000
vt 0.531250 0.406250
vt 0.531250 0.812500
vt 0.531250 0.375000
vt 0.531250 0.781250
vt 0.531250 0.343750
vt 0.531250 0.750000
vt 0.531250 0.312500
vt 0.531250 0.718750
vt 0.531250 0.281250
vt 0.531250 0.687500
vt 0.531250 0.250000
vt 0.531250 0.656250
vt 0.531250 0.218750
vt 0.531250 0.625000
vt 0.531250 0.187500
vt 0.531250 0.593750
vt 0.531250 0.156250
vt 0.531250 0.562500
vt 0.546875 1.000000
vt 0.531250 0.968750
vt 0.531250 0.125000
vt 0.500000 0.468750
vt 0.500000 0.437500
vt 0.500000 0.875000
vt 0.500000 0.843750
vt 0.515625 0.000000
vt 0.500000 0.031250
vt 0.500000 0.406250
vt 0.500000 0.812500
vt 0.500000 0.375000
vt 0.500000 0.781250
vt 0.500000 0.343750
vt 0.500000 0.750000
vt 0.500000 0.312500
vt 0.500000 0.718750
vt 0.500000 0.281250
vt 0.500000 0.687500
vt 0.500000 0.250000
vt 0.500000 0.656250
vt 0.500000 0.218750
vt 0.500000 0.625000
vt 0.500000 0.187500
vt 0.500000 0.593750
vt 0.500000 0.156250
vt 0.500000 0.562500
vt 0.515625 1.000000
vt 0.500000 0.968750
vt 0.500000 0.125000
vt 0.500000 0.531250
vt 0.500000 0.937500
vt 0.500000 0.093750
vt 0.500000 0.500000
vt 0.500000 0.906250
vt 0.500000 0.062500
vt 0.468750 0.406250
vt 0.468750 0.375000
vt 0.468750 0.812500
vt 0.468750 0.781250
vt 0.468750 0.343750
vt 0.468750 0.750000
vt 0.468750 0.312500
vt 0.468750 0.718750
vt 0.468750 0.281250
vt 0.468750 0.687500
vt 0.468750 0.250000
vt 0.468750 0.656250
vt 0.468750 0.218750
vt 0.468750 0.625000
vt 0.468750 0.187500
vt 0.468750 0.593750
vt 0.468750 0.156250
vt 0.468750 0.562500
vt 0.484375 1.000000
vt 0.468750 0.968750
vt 0.468750 0.125000
vt 0.468750 0.531250
vt 0.468750 0.937500
vt 0.468750 0.093750
vt 0.468750 0.500000
vt 0.468750 0.906250
vt 0.468750 0.062500
vt 0.468750 0.468750
vt 0.468750 0.875000
vt 0.468750 0.031250
vt 0.468750 0.437500
vt 0.468750 0.843750
vt 0.484375 0.000000
vt 0.437500 0.343750
vt 0.437500 0.312500
vt 0.437500 0.750000
vt 0.437500 0.718750
vt 0.437500 0.281250
vt 0.437500 0.687500
vt 0.437500 0.250000
vt 0.437500 0.656250
vt 0.437500 0.218750
vt 0.437500 0.625000
vt 0.437500 0.187500
vt 0.437500 0.593750
vt 0.437500 0.156250
vt 0.437500 0.562500
vt 0.453125 1.000000
vt 0.437500 0.968750
vt 0.437500 0.125000
vt 0.437500 0.531250
vt 0.437500 0.937500
vt 0.437500 0.093750
vt 0.437500 0.500000
vt 0.437500 0.906250
vt 0.437500 0.062500
vt 0.437500 0.468750
vt 0.437500 0.875000
vt 0.437500 0.031250
vt 0.437500 0.437500
vt 0.437500 0.843750
vt 0.453125 0.000000
vt 0.437500 0.406250
vt 0.437500 0.812500
vt 0.437500 0.375000
vt 0.437500 0.781250
vt 0.406250 0.281250
vt 0.406250 0.250000
vt 0.406250 0.687500
vt 0.406250 0.656250
vt 0.406250 0.218750
vt 0.406250 0.625000
vt 0.406250 0.187500
vt 0.406250 0.593750
vt 0.406250 0.156250
vt 0.406250 0.562500
vt 0.421875 1.000000
vt 0.406250 0.968750
vt 0.406250 0.125000
vt 0.406250 0.531250
vt 0.406250 0.937500
vt 0.406250 0.093750
vt 0.406250 0.500000
vt 0.406250 0.906250
vt 0.406250 0.062500
vt 0.406250 0.468750
vt 0.406250 0.875000
vt 0.406250 0.031250
vt 0.406250 0.437500
vt 0.406250 0.843750
vt 0.421875 0.000000
vt 0.406250 0.406250
vt 0.406250 0.812500
vt 0.406250 0.375000
vt 0.406250 0.781250
vt 0.406250 0.343750
vt 0.406250 0.750000
vt 0.406250 0.312500
vt 0.406250 0.718750
vt 0.375000 0.218750
vt 0.375000 0.187500
vt 0.375000 0.625000
vt 0.375000 0.593750
vt 0.375000 0.156250
vt 0.375000 0.562500
vt 0.390625 1.000000
vt 0.375000 0.968750
vt 0.375000 0.125000
vt 0.375000 0.531250
vt 0.375000 0.937500
vt 0.375000 0.093750
vt 0.375000 0.500000
vt 0.375000 0.906250
vt 0.375000 0.062500
vt 0.375000 0.468750
vt 0.375000 0.875000
vt 0.375000 0.031250
vt 0.375000 0.437500
vt 0.375000 0.843750
vt 0.390625 0.000000
vt 0.375000 0.406250
vt 0.375000 0.812500
vt 0.375000 0.375000
vt 0.375000 0.781250
vt 0.375000 0.343750
vt 0.375000 0.750000
vt 0.375000 0.312500
vt 0.375000 0.718750
vt 0.375000 0.281250
vt 0.375000 0.687500
vt 0.375000 0.250000
vt 0.375000 0.656250
vt 0.343750 0.156250
vt 0.343750 0.125000
vt 0.343750 0.562500
vt 0.343750 0.531250
vt 0.343750 0.968750
vt 0.343750 0.937500
vt 0.343750 0.093750
vt 0.343750 0.500000
vt 0.343750 0.906250
vt 0.343750 0.062500
vt 0.343750 0.468750
vt 0.343750 0.875000
vt 0.343750 0.031250
vt 0.343750 0.437500
vt 0.343750 0.843750
vt 0.359375 0.000000
vt 0.343750 0.406250
vt 0.343750 0.812500
vt 0.343750 0.375000
vt 0.343750 0.781250
vt 0.343750 0.343750
vt 0.343750 0.750000
vt 0.343750 0.312500
vt 0.343750 0.718750
vt 0.343750 0.281250
vt 0.343750 0.687500
vt 0.343750 0.250000
vt 0.343750 0.656250
vt 0.343750 0.218750
vt 0.343750 0.625000
vt 0.343750 0.187500
vt 0.343750 0.593750
vt 0.359375 1.000000
vt 0.312500 0.093750
vt 0.312500 0.062500
vt 0.312500 0.500000
vt 0.312500 0.468750
vt 0.312500 0.906250
vt 0.312500 0.875000
vt 0.312500 0.031250
vt 0.312500 0.437500
vt 0.312500 0.843750
vt 0.328125 0.000000
vt 0.312500 0.406250
vt 0.312500 0.812500
vt 0.312500 0.375000
vt 0.312500 0.781250
vt 0.312500 0.343750
vt 0.312500 0.750000
vt 0.312500 0.312500
vt 0.312500 0.718750
vt 0.312500 0.281250
vt 0.312500 0.687500
vt 0.312500 0.250000
vt 0.312500 0.656250
vt 0.312500 0.218750
vt 0.312500 0.625000
vt 0.312500 0.187500
vt 0.312500 0.593750
vt 0.312500 0.156250
vt 0.312500 0.562500
vt 0.328125 1.000000
vt 0.312500 0.968750
vt 0.312500 0.125000
vt 0.312500 0.531250
vt 0.312500 0.937500
vt 0.296875 0.000000
vt 0.281250 0.031250
vt 0.281250 0.437500
vt 0.281250 0.406250
vt 0.281250 0.843750
vt 0.281250 0.812500
vt 0.281250 0.375000
vt 0.281250 0.781250
vt 0.281250 0.343750
vt 0.281250 0.750000
vt 0.281250 0.312500
vt 0.281250 0.718750
vt 0.281250 0.281250
vt 0.281250 0.687500
vt 0.281250 0.250000
vt 0.281250 0.656250
vt 0.281250 0.218750
vt 0.281250 0.625000
vt 0.281250 0.187500
vt 0.281250 0.593750
vt 0.281250 0.156250
vt 0.281250 0.562500
vt 0.296875 1.000000
vt 0.281250 0.968750
vt 0.281250 0.125000
vt 0.281250 0.531250
vt 0.281250 0.937500
vt 0.281250 0.093750
vt 0.281250 0.500000
vt 0.281250 0.906250
vt 0.281250 0.062500
vt 0.281250 0.468750
vt 0.281250 0.875000
vt 0.250000 0.375000
vt 0.250000 0.343750
vt 0.250000 0.781250
vt 0.250000 0.750000
vt 0.250000 0.312500
vt 0.250000 0.718750
vt 0.250000 0.281250
vt 0.250000 0.687500
vt 0.250000 0.250000
vt 0.250000 0.656250
vt 0.250000 0.218750
vt 0.250000 0.625000
vt 0.250000 0.187500
vt 0.250000 0.593750
vt 0.250000 0.156250
vt 0.250000 0.562500
vt 0.265625 1.000000
vt 0.250000 0.968750
vt 0.250000 0.125000
vt 0.250000 0.531250
vt 0.250000 0.937500
vt 0.250000 0.093750
vt 0.250000 0.500000
vt 0.250000 0.906250
vt 0.250000 0.062500
vt 0.250000 0.468750
vt 0.250000 0.875000
vt 0.250000 0.031250
vt 0.250000 0.437500
vt 0.250000 0.843750
vt 0.265625 0.000000
vt 0.250000 0.406250
vt 0.250000 0.812500
vt 0.218750 0.312500
vt 0.218750 0.281250
vt 0.218750 0.718750
vt 0.218750 0.687500
vt 0.218750 0.250000
vt 0.218750 0.656250
vt 0.218750 0.218750
vt 0.218750 0.625000
vt 0.218750 0.187500
vt 0.218750 0.593750
vt 0.218750 0.156250
vt 0.218750 0.562500
vt 0.234375 1.000000
vt 0.218750 0.968750
vt 0.218750 0.125000
vt 0.218750 0.531250
vt 0.218750 0.937500
vt 0.218750 0.093750
vt 0.218750 0.500000
vt 0.218750 0.906250
vt 0.218750 0.062500
vt 0.218750 0.468750
vt 0.218750 0.875000
vt 0.218750 0.031250
vt 0.218750 0.437500
vt 0.218750 0.843750
vt 0.234375 0.000000
vt 0.218750 0.406250
vt 0.218750 0.812500
vt 0.218750 0.375000
vt 0.218750 0.781250
vt 0.218750 0.343750
vt 0.218750 0.750000
vt 0.187500 0.250000
vt 0.187500 0.218750
vt 0.187500 0.656250
vt 0.187500 0.625000
vt 0.187500 0.187500
vt 0.187500 0.593750
vt 0.187500 0.156250
vt 0.187500 0.562500
vt 0.203125 1.000000
vt 0.187500 0.968750
vt 0.187500 0.125000
vt 0.187500 0.531250
vt 0.187500 0.937500
vt 0.187500 0.093750
vt 0.187500 0.500000
vt 0.187500 0.906250
vt 0.187500 0.062500
vt 0.187500 0.468750
vt 0.187500 0.875000
vt 0.187500 0.031250
vt 0.187500 0.437500
vt 0.187500 0.843750
vt 0.203125 0.000000
vt 0.187500 0.406250
vt 0.187500 0.812500
vt 0.187500 0.375000
vt 0.187500 0.781250
vt 0.187500 0.343750
vt 0.187500 0.750000
vt 0.187500 0.312500
vt 0.187500 0.718750
vt 0.187500 0.281250
vt 0.187500 0.687500
vt 0.156250 0.187500
vt 0.156250 0.156250
vt 0.156250 0.593750
vt 0.156250 0.562500
vt 0.171875 1.000000
vt 0.156250 0.968750
vt 0.156250 0.125000
vt 0.156250 0.531250
vt 0.156250 0.937500
vt 0.156250 0.093750
vt 0.156250 0.500000
vt 0.156250 0.906250
vt 0.156250 0.062500
vt 0.156250 0.468750
vt 0.156250 0.875000
vt 0.156250 0.031250
vt 0.156250 0.437500
vt 0.156250 0.843750
vt 0.171875 0.000000
vt 0.156250 0.406250
vt 0.156250 0.812500
vt 0.156250 0.375000
vt 0.156250 0.781250
vt 0.156250 0.343750
vt 0.156250 0.750000
vt 0.156250 0.312500
vt 0.156250 0.718750
vt 0.156250 0.281250
vt 0.156250 0.687500
vt 0.156250 0.250000
vt 0.156250 0.656250
vt 0.156250 0.218750
vt 0.156250 0.625000
vt 0.125000 0.968750
vt 0.125000 0.937500
vt 0.125000 0.125000
vt 0.125000 0.093750
vt 0.125000 0.531250
vt 0.125000 0.500000
vt 0.125000 0.906250
vt 0.125000 0.062500
vt 0.125000 0.468750
vt 0.125000 0.875000
vt 0.125000 0.031250
vt 0.125000 0.437500
vt 0.125000 0.843750
vt 0.140625 0.000000
vt 0.125000 0.406250
vt 0.125000 0.812500
vt 0.125000 0.375000
vt 0.125000 0.781250
vt 0.125000 0.343750
vt 0.125000 0.750000
vt 0.125000 0.312500
vt 0.125000 0.718750
vt 0.125000 0.281250
vt 0.125000 0.687500
vt 0.125000 0.250000
vt 0.125000 0.656250
vt 0.125000 0.218750
vt 0.125000 0.625000
vt 0.125000 0.187500
vt 0.125000 0.593750
vt 0.125000 0.156250
vt 0.125000 0.562500
vt 0.140625 1.000000
vt 0.093750 0.906250
vt 0.093750 0.875000
vt 0.093750 0.062500
vt 0.093750 0.031250
vt 0.093750 0.468750
vt 0.093750 0.437500
vt 0.093750 0.843750
vt 0.109375 0.000000
vt 0.093750 0.406250
vt 0.093750 0.812500
vt 0.093750 0.375000
vt 0.093750 0.781250
vt 0.093750 0.343750
vt 0.093750 0.750000
vt 0.093750 0.312500
vt 0.093750 0.718750
vt 0.093750 0.281250
vt 0.093750 0.687500
vt 0.093750 0.250000
vt 0.093750 0.656250
vt 0.093750 0.218750
vt 0.093750 0.625000
vt 0.093750 0.187500
vt 0.093750 0.593750
vt 0.093750 0.156250
vt 0.093750 0.562500
vt 0.109375 1.000000
vt 0.093750 0.968750
vt 0.093750 0.125000
vt 0.093750 0.531250
vt 0.093750 0.937500
vt 0.093750 0.093750
vt 0.093750 0.500000
vt 0.062500 0.843750
vt 0.062500 0.812500
vt 0.062500 0.406250
vt 0.062500 0.375000
vt 0.062500 0.781250
vt 0.062500 0.343750
vt 0.062500 0.750000
vt 0.062500 0.312500
vt 0.062500 0.718750
vt 0.062500 0.281250
vt 0.062500 0.687500
vt 0.062500 0.250000
vt 0.062500 0.656250
vt 0.062500 0.218750
vt 0.062500 0.625000
vt 0.062500 0.187500
vt 0.062500 0.593750
vt 0.062500 0.156250
vt 0.062500 0.562500
vt 0.078125 1.000000
vt 0.062500 0.968750
vt 0.062500 0.125000
vt 0.062500 0.531250
vt 0.062500 0.937500
vt 0.062500 0.093750
vt 0.062500 0.500000
vt 0.062500 0.906250
vt 0.062500 0.062500
vt 0.062500 0.468750
vt 0.062500 0.875000
vt 0.062500 0.031250
vt 0.062500 0.437500
vt 0.078125 0.000000
vt 0.031250 0.781250
vt 0.031250 0.750000
vt 0.031250 0.343750
vt 0.031250 0.312500
vt 0.031250 0.718750
vt 0.031250 0.281250
vt 0.031250 0.687500
vt 0.031250 0.250000
vt 0.031250 0.656250
vt 0.031250 0.218750
vt 0.031250 0.625000
vt 0.031250 0.187500
vt 0.031250 0.593750
vt 0.031250 0.156250
vt 0.031250 0.562500
vt 0.046875 1.000000
vt 0.031250 0.968750
vt 0.031250 0.125000
vt 0.031250 0.531250
vt 0.031250 0.937500
vt 0.031250 0.093750
vt 0.031250 0.500000
vt 0.031250 0.906250
vt 0.031250 0.062500
vt 0.031250 0.468750
vt 0.031250 0.875000
vt 0.031250 0.031250
vt 0.031250 0.437500
vt 0.031250 0.843750
vt 0.046875 0.000000
vt 0.031250 0.406250
vt 0.031250 0.812500
vt 0.031250 0.375000
vt 0.000000 0.718750
vt 0.000000 0.687500
vt 0.000000 0.281250
vt 0.000000 0.250000
vt 0.000000 0.656250
vt 0.000000 0.218750
vt 0.000000 0.625000
vt 0.000000 0.187500
vt 0.000000 0.593750
vt 0.000000 0.156250
vt 0.000000 0.562500
vt 0.015625 1.000000
vt 0.000000 0.968750
vt 0.000000 0.125000
vt 0.000000 0.531250
vt 0.000000 0.937500
vt 0.000000 0.093750
vt 0.000000 0.500000
vt 0.000000 0.906250
vt 0.000000 0.062500
vt 0.000000 0.468750
vt 0.000000 0.875000
vt 0.000000 0.031250
vt 0.000000 0.437500
vt 0.000000 0.843750
vt 0.015625 0.000000
vt 0.000000 0.406250
vt 0.000000 0.812500
vt 0.000000 0.375000
vt 0.000000 0.781250
vt 0.000000 0.343750
vt 0.000000 0.750000
vt 0.000000 0.312500
vt 1.000000 0.625000
vt 1.000000 0.656250
vt 0.968750 0.656250
vt 0.968750 0.625000
vt 1.000000 0.187500
vt 1.000000 0.218750
vt 0.968750 0.218750
vt 0.968750 0.187500
vt 1.000000 0.593750
vt 0.968750 0.593750
vt 1.000000 0.156250
vt 0.968750 0.156250
vt 1.000000 0.562500
vt 0.968750 0.562500
vt 1.000000 0.968750
vt 0.984375 1.000000
vt 0.968750 0.968750
vt 1.000000 0.125000
vt 0.968750 0.125000
vt 1.000000 0.531250
vt 0.968750 0.531250
vt 1.000000 0.937500
vt 0.968750 0.937500
vt 1.000000 0.093750
vt 0.968750 0.093750
vt 1.000000 0.500000
vt 0.968750 0.500000
vt 1.000000 0.906250
vt 0.968750 0.906250
vt 1.000000 0.062500
vt 0.968750 0.062500
vt 1.000000 0.468750
vt 0.968750 0.468750
vt 1.000000 0.875000
vt 0.968750 0.875000
vt 1.000000 0.031250
vt 0.968750 0.031250
vt 1.000000 0.437500
vt 0.968750 0.437500
vt 1.000000 0.843750
vt 0.968750 0.843750
vt 0.984375 0.000000
vt 1.000000 0.406250
vt 0.968750 0.406250
vt 1.000000 0.812500
vt 0.968750 0.812500
vt 1.000000 0.375000
vt 0.968750 0.375000
vt 1.000000 0.781250
vt 0.968750 0.781250
vt 1.000000 0.343750
vt 0.968750 0.343750
vt 1.000000 0.750000
vt 0.968750 0.750000
vt 1.000000 0.312500
vt 0.968750 0.312500
vt 1.000000 0.718750
vt 0.968750 0.718750
vt 1.000000 0.281250
vt 0.968750 0.281250
vt 1.000000 0.687500
vt 0.968750 0.687500
vt 1.000000 0.250000
vt 0.968750 0.250000
vt 0.937500 0.593750
vt 0.937500 0.562500
vt 0.953125 1.000000
vt 0.937500 0.968750
vt 0.937500 0.156250
vt 0.937500 0.125000
vt 0.937500 0.531250
vt 0.937500 0.937500
vt 0.937500 0.093750
vt 0.937500 0.500000
vt 0.937500 0.906250
vt 0.937500 0.062500
vt 0.937500 0.468750
vt 0.937500 0.875000
vt 0.937500 0.031250
vt 0.937500 0.437500
vt 0.937500 0.843750
vt 0.953125 0.000000
vt 0.937500 0.406250
vt 0.937500 0.812500
vt 0.937500 0.375000
vt 0.937500 0.781250
vt 0.937500 0.343750
vt 0.937500 0.750000
vt 0.937500 0.312500
vt 0.937500 0.718750
vt 0.937500 0.281250
vt 0.937500 0.687500
vt 0.937500 0.250000
vt 0.937500 0.656250
vt 0.937500 0.218750
vt 0.937500 0.625000
vt 0.937500 0.187500
vt 0.906250 0.312500
vt 0.906250 0.281250
vt 0.906250 0.718750
vt 0.906250 0.687500
vt 0.906250 0.250000
vt 0.906250 0.656250
vt 0.906250 0.218750
vt 0.906250 0.625000
vt 0.906250 0.187500
vt 0.906250 0.593750
vt 0.906250 0.156250
vt 0.906250 0.562500
vt 0.921875 1.000000
vt 0.906250 0.968750
vt 0.906250 0.125000
vt 0.906250 0.531250
vt 0.906250 0.937500
vt 0.906250 0.093750
vt 0.906250 0.500000
vt 0.906250 0.906250
vt 0.906250 0.062500
vt 0.906250 0.468750
vt 0.906250 0.875000
vt 0.906250 0.031250
vt 0.906250 0.437500
vt 0.906250 0.843750
vt 0.921875 0.000000
vt 0.906250 0.406250
vt 0.906250 0.812500
vt 0.906250 0.375000
vt 0.906250 0.781250
vt 0.906250 0.343750
vt 0.906250 0.750000
vt 0.875000 0.250000
vt 0.875000 0.218750
vt 0.875000 0.656250
vt 0.875000 0.625000
vt 0.875000 0.187500
vt 0.875000 0.593750
vt 0.875000 0.156250
vt 0.875000 0.562500
vt 0.890625 1.000000
vt 0.875000 0.968750
vt 0.875000 0.125000
vt 0.875000 0.531250
vt 0.875000 0.937500
vt 0.875000 0.093750
vt 0.875000 0.500000
vt 0.875000 0.906250
vt 0.875000 0.062500
vt 0.875000 0.468750
vt 0.875000 0.875000
vt 0.875000 0.031250
vt 0.875000 0.437500
vt 0.875000 0.843750
vt 0.890625 0.000000
vt 0.875000 0.406250
vt 0.875000 0.812500
vt 0.875000 0.375000
vt 0.875000 0.781250
vt 0.875000 0.343750
vt 0.875000 0.750000
vt 0.875000 0.312500
vt 0.875000 0.718750
vt 0.875000 0.281250
vt 0.875000 0.687500
vt 0.843750 0.187500
vt 0.843750 0.156250
vt 0.843750 0.593750
vt 0.843750 0.562500
vt 0.859375 1.000000
vt 0.843750 0.968750
vt 0.843750 0.125000
vt 0.843750 0.531250
vt 0.843750 0.937500
vt 0.843750 0.093750
vt 0.843750 0.500000
vt 0.843750 0.906250
vt 0.843750 0.062500
vt 0.843750 0.468750
vt 0.843750 0.875000
vt 0.843750 0.031250
vt 0.843750 0.437500
vt 0.843750 0.843750
vt 0.859375 0.000000
vt 0.843750 0.406250
vt 0.843750 0.812500
vt 0.843750 0.375000
vt 0.843750 0.781250
vt 0.843750 0.343750
vt 0.843750 0.750000
vt 0.843750 0.312500
vt 0.843750 0.718750
vt 0.843750 0.281250
vt 0.843750 0.687500
vt 0.843750 0.250000
vt 0.843750 0.656250
vt 0.843750 0.218750
vt 0.843750 0.625000
vt 0.812500 0.125000
vt 0.812500 0.093750
vt 0.812500 0.531250
vt 0.812500 0.500000
vt 0.812500 0.937500
vt 0.812500 0.906250
vt 0.812500 0.062500
vt 0.812500 0.468750
vt 0.812500 0.875000
vt 0.812500 0.031250
vt 0.812500 0.437500
vt 0.812500 0.843750
vt 0.828125 0.000000
vt 0.812500 0.406250
vt 0.812500 0.812500
vt 0.812500 0.375000
vt 0.812500 0.781250
vt 0.812500 0.343750
vt 0.812500 0.750000
vt 0.812500 0.312500
vt 0.812500 0.718750
vt 0.812500 0.281250
vt 0.812500 0.687500
vt 0.812500 0.250000
vt 0.812500 0.656250
vt 0.812500 0.218750
vt 0.812500 0.625000
vt 0.812500 0.187500
vt 0.812500 0.593750
vt 0.812500 0.156250
vt 0.812500 0.562500
vt 0.828125 1.000000
vt 0.812500 0.968750
vt 0.781250 0.062500
vt 0.781250 0.031250
vt 0.781250 0.468750
vt 0.781250 0.437500
vt 0.781250 0.875000
vt 0.781250 0.843750
vt 0.796875 0.000000
vt 0.781250 0.406250
vt 0.781250 0.812500
vt 0.781250 0.375000
vt 0.781250 0.781250
vt 0.781250 0.343750
vt 0.781250 0.750000
vt 0.781250 0.312500
vt 0.781250 0.718750
vt 0.781250 0.281250
vt 0.781250 0.687500
vt 0.781250 0.250000
vt 0.781250 0.656250
vt 0.781250 0.218750
vt 0.781250 0.625000
vt 0.781250 0.187500
vt 0.781250 0.593750
vt 0.781250 0.156250
vt 0.781250 0.562500
vt 0.796875 1.000000
vt 0.781250 0.968750
vt 0.781250 0.125000
vt 0.781250 0.531250
vt 0.781250 0.937500
vt 0.781250 0.093750
vt 0.781250 0.500000
vt 0.781250 0.906250
vt 0.765625 1.000000
vt 0.765625 0.000000
s 1
usemtl CYAN
f 12/1/1 992/2/2 40/3/3 41/4/4
f 3/5/5 988/6/6 27/7/7 28/8/8
f 13/9/9 12/1/1 41/4/4 42/10/10
f 4/11/11 3/5/5 28/8/8 29/12/12
f 14/13/13 13/9/9 42/10/10 43/14/14
f 5/15/15 4/11/11 29/12/12 30/16/16
f 980/17/17 514/18/18 17/19/19
f 993/20/20 14/13/13 43/14/14 44/21/21
f 6/22/22 5/15/15 30/16/16 31/23/23
f 981/24/24 980/17/17 17/19/19 18/25/25
f 994/26/26 993/20/20 44/21/21 45/27/27
f 989/28/28 6/22/22 31/23/23 32/29/29
f 982/30/30 981/24/24 18/25/25 19/31/31
f 15/32/32 994/26/26 45/27/27 46/33/33
f 7/34/34 989/28/28 32/29/29 33/35/35
f 983/36/36 982/30/30 19/31/31 20/37/37
f 16/38/38 15/32/32 46/33/33 47/39/39
f 8/40/40 7/34/34 33/35/35 34/41/41
f 984/42/42 983/36/36 20/37/37 21/43/43
f 513/44/44 16/38/38 47/39/39
f 990/45/45 8/40/40 34/41/41 35/46/46
f 985/47/47 984/42/42 21/43/43 22/48/48
f 991/49/49 990/45/45 35/46/46 36/50/50
f 1/51/51 985/47/47 22/48/48 23/52/52
f 9/53/53 991/49/49 36/50/50 37/54/54
f 986/55/55 1/51/51 23/52/52 24/56/56
f 10/57/57 9/53/53 37/54/54 38/58/58
f 2/59/59 986/55/55 24/56/56 25/60/60
f 11/61/61 10/57/57 38/58/58 39/62/62
f 987/63/63 2/59/59 25/60/60 26/64/64
f 992/2/2 11/61/61 39/62/62 40/3/3
f 988/6/6 987/63/63 26/64/64 27/7/7
f 22/48/48 21/43/43 52/65/65 53/66/66
f 36/50/50 35/46/46 66/67/67 67/68/68
f 23/52/52 22/48/48 53/66/66 54/69/69
f 37/54/54 36/50/50 67/68/68 68/70/70
f 24/56/56 23/52/52 54/69/69 55/71/71
f 38/58/58 37/54/54 68/70/70 69/72/72
f 25/60/60 24/56/56 55/71/71 56/73/73
f 39/62/62 38/58/58 69/72/72 70/74/74
f 26/64/64 25/60/60 56/73/73 57/75/75
f 40/3/3 39/62/62 70/74/74 71/76/76
f 27/7/7 26/64/64 57/75/75 58/77/77
f 41/4/4 40/3/3 71/76/76 72/78/78
f 28/8/8 27/7/7 58/77/77 59/79/79
f 42/10/10 41/4/4 72/78/78 73/80/80
f 29/12/12 28/8/8 59/79/79 60/81/81
f 43/14/14 42/10/10 73/80/80 74/82/82
f 30/16/16 29/12/12 60/81/81 61/83/83
f 17/19/19 514/84/18 48/85/84
f 44/21/21 43/14/14 74/82/82 75/86/85
f 31/23/23 30/16/16 61/83/83 62/87/86
f 18/25/25 17/19/19 48/85/84 49/88/87
f 45/27/27 44/21/21 75/86/85 76/89/88
f 32/29/29 31/23/23 62/87/86 63/90/89
f 19/31/31 18/25/25 49/88/87 50/91/90
f 46/33/33 45/27/27 76/89/88 77/92/91
f 33/35/35 32/29/29 63/90/89 64/93/92
f 20/37/37 19/31/31 50/91/90 51/94/93
f 47/39/39 46/33/33 77/92/91 78/95/94
f 34/41/41 33/35/35 64/93/92 65/96/95
f 21/43/43 20/37/37 51/94/93 52/65/65
f 513/97/44 47/39/39 78/95/94
f 35/46/46 34/41/41 65/96/95 66/67/67
f 55/71/71 54/69/69 85/98/96 86/99/97
f 69/72/72 68/70/70 99/100/98 100/101/99
f 56/73/73 55/71/71 86/99/97 87/102/100
f 70/74/74 69/72/72 100/101/99 101/103/101
f 57/75/75 56/73/73 87/102/100 88/104/102
f 71/76/76 70/74/74 101/103/101 102/105/103
f 58/77/77 57/75/75 88/104/102 89/106/104
f 72/78/78 71/76/76 102/105/103 103/107/105
f 59/79/79 58/77/77 89/106/104 90/108/106
f 73/80/80 72/78/78 103/107/105 104/109/107
f 60/81/81 59/79/79 90/108/106 91/110/108
f 74/82/82 73/80/80 104/109/107 105/111/109
f 61/83/83 60/81/81 91/110/108 92/112/110
f 48/85/84 514/113/18 79/114/111
f 75/86/85 74/82/82 105/111/109 106/115/112
f 62/87/86 61/83/83 92/112/110 93/116/113
f 49/88/87 48/85/84 79/114/111 80/117/114
f 76/89/88 75/86/85 106/115/112 107/118/115
f 63/90/89 62/87/86 93/116/113 94/119/116
f 50/91/90 49/88/87 80/117/114 81/120/117
f 77/92/91 76/89/88 107/118/115 108/121/118
f 64/93/92 63/90/89 94/119/116 95/122/119
f 51/94/93 50/91/90 81/120/117 82/123/120
f 78/95/94 77/92/91 108/121/118 109/124/121
f 65/96/95 64/93/92 95/122/119 96/125/122
f 52/65/65 51/94/93 82/123/120 83/126/123
f 513/127/44 78/95/94 109/124/121
f 66/67/67 65/96/95 96/125/122 97/128/124
f 53/66/66 52/65/65 83/126/123 84/129/125
f 67/68/68 66/67/67 97/128/124 98/130/126
f 54/69/69 53/66/66 84/129/125 85/98/96
f 68/70/70 67/68/68 98/130/126 99/100/98
f 88/104/102 87/102/100 118/131/127 119/132/128
f 102/105/103 101/103/101 132/133/129 133/134/130
f 89/106/104 88/104/102 119/132/128 120/135/131
f 103/107/105 102/105/103 133/134/130 134/136/132
f 90/108/106 89/106/104 120/135/131 121/137/133
f 104/109/107 103/107/105 134/136/132 135/138/134
f 91/110/108 90/108/106 121/137/133 122/139/135
f 105/111/109 104/109/107 135/138/134 136/140/136
f 92/112/110 91/110/108 122/139/135 123/141/137
f 79/114/111 514/142/18 110/143/138
f 106/115/112 105/111/109 136/140/136 137/144/139
f 93/116/113 92/112/110 123/141/137 124/145/140
f 80/117/114 79/114/111 110/143/138 111/146/141
f 107/118/115 106/115/112 137/144/139 138/147/142
f 94/119/116 93/116/113 124/145/140 125/148/143
f 81/120/117 80/117/114 111/146/141 112/149/144
f 108/121/118 107/118/115 138/147/142 139/150/145
f 95/122/119 94/119/116 125/148/143 126/151/146
f 82/123/120 81/120/117 112/149/144 113/152/147
f 109/124/121 108/121/118 139/150/145 140/153/148
f 96/125/122 95/122/119 126/151/146 127/154/149
f 83/126/123 82/123/120 113/152/147 114/155/150
f 513/156/44 109/124/121 140/153/148
f 97/128/124 96/125/122 127/154/149 128/157/151
f 84/129/125 83/126/123 114/155/150 115/158/152
f 98/130/126 97/128/124 128/157/151 129/159/153
f 85/98/96 84/129/125 115/158/152 116/160/154
f 99/100/98 98/130/126 129/159/153 130/161/155
f 86/99/97 85/98/96 116/160/154 117/162/156
f 100/101/99 99/100/98 130/161/155 131/163/157
f 87/102/100 86/99/97 117/162/156 118/131/127
f 101/103/101 100/101/99 131/163/157 132/133/129
f 121/137/133 120/135/131 151/164/158 152/165/159
f 135/138/134 134/136/132 165/166/160 166/167/161
f 122/139/135 121/137/133 152/165/159 153/168/162
f 136/140/136 135/138/134 166/167/161 167/169/163
f 123/141/137 122/139/135 153/168/162 154/170/164
f 110/143/138 514/171/18 141/172/165
f 137/144/139 136/140/136 167/169/163 168/173/166
f 124/145/140 123/141/137 154/170/164 155/174/167
f 111/146/141 110/143/138 141/172/165 142/175/168
f 138/147/142 137/144/139 168/173/166 169/176/169
f 125/148/143 124/145/140 155/174/167 156/177/170
f 112/149/144 111/146/141 142/175/168 143/178/171
f 139/150/145 138/147/142 169/176/169 170/179/172
f 126/151/146 125/148/143 156/177/170 157/180/173
f 113/152/147 112/149/144 143/178/171 144/181/174
f 140/153/148 139/150/145 170/179/172 171/182/175
f 127/154/149 126/151/146 157/180/173 158/183/176
f 114/155/150 113/152/147 144/181/174 145/184/177
f 513/185/44 140/153/148 171/182/175
f 128/157/151 127/154/149 158/183/176 159/186/178
f 115/158/152 114/155/150 145/184/177 146/187/179
f 129/159/153 128/157/151 159/186/178 160/188/180
f 116/160/154 115/158/152 146/187/179 147/189/181
f 130/161/155 129/159/153 160/188/180 161/190/182
f 117/162/156 116/160/154 147/189/181 148/191/183
f 131/163/157 130/161/155 161/190/182 162/192/184
f 118/131/127 117/162/156 148/191/183 149/193/185
f 132/133/129 131/163/157 162/192/184 163/194/186
f 119/132/128 118/131/127 149/193/185 150/195/187
f 133/134/130 132/133/129 163/194/186 164/196/188
f 120/135/131 119/132/128 150/195/187 151/164/158
f 134/136/132 133/134/130 164/196/188 165/166/160
f 154/170/164 153/168/162 184/197/189 185/198/190
f 141/172/165 514/199/18 172/200/191
f 168/173/166 167/169/163 198/201/192 199/202/193
f 155/174/167 154/170/164 185/198/190 186/203/194
f 142/175/168 141/172/165 172/200/191 173/204/195
f 169/176/169 168/173/166 199/202/193 200/205/196
f 156/177/170 155/174/167 186/203/194 187/206/197
f 143/178/171 142/175/168 173/204/195 174/207/198
f 170/179/172 169/176/169 200/205/196 201/208/199
f 157/180/173 156/177/170 187/206/197 188/209/200
f 144/181/174 143/178/171 174/207/198 175/210/201
f 171/182/175 170/179/172 201/208/199 202/211/202
f 158/183/176 157/180/173 188/209/200 189/212/203
f 145/184/177 144/181/174 175/210/201 176/213/204
f 513/214/44 171/182/175 202/211/202
f 159/186/178 158/183/176 189/212/203 190/215/205
f 146/187/179 145/184/177 176/213/204 177/216/206
f 160/188/180 159/186/178 190/215/205 191/217/207
f 147/189/181 146/187/179 177/216/206 178/218/208
f 161/190/182 160/188/180 191/217/207 192/219/209
f 148/191/183 147/189/181 178/218/208 179/220/210
f 162/192/184 161/190/182 192/219/209 193/221/211
f 149/193/185 148/191/183 179/220/210 180/222/212
f 163/194/186 162/192/184 193/221/211 194/223/213
f 150/195/187 149/193/185 180/222/212 181/224/214
f 164/196/188 163/194/186 194/223/213 195/225/215
f 151/164/158 150/195/187 181/224/214 182/226/216
f 165/166/160 164/196/188 195/225/215 196/227/217
f 152/165/159 151/164/158 182/226/216 183/228/218
f 166/167/161 165/166/160 196/227/217 197/229/219
f 153/168/162 152/165/159 183/228/218 184/197/189
f 167/169/163 166/167/161 197/229/219 198/201/192
f 187/206/197 186/203/194 217/230/220 218/231/221
f 174/207/198 173/204/195 204/232/222 205/233/223
f 201/208/199 200/205/196 231/234/224 232/235/225
f 188/209/200 187/206/197 218/231/221 219/236/226
f 175/210/201 174/207/198 205/233/223 206/237/227
f 202/211/202 201/208/199 232/235/225 233/238/228
f 189/212/203 188/209/200 219/236/226 220/239/229
f 176/213/204 175/210/201 206/237/227 207/240/230
f 513/241/44 202/211/202 233/238/228
f 190/215/205 189/212/203 220/239/229 221/242/231
f 177/216/206 176/213/204 207/240/230 208/243/232
f 191/217/207 190/215/205 221/242/231 222/244/233
f 178/218/208 177/216/206 208/243/232 209/245/234
f 192/219/209 191/217/207 222/244/233 223/246/235
f 179/220/210 178/218/208 209/245/234 210/247/236
f 193/221/211 192/219/209 223/246/235 224/248/237
f 180/222/212 179/220/210 210/247/236 211/249/238
f 194/223/213 193/221/211 224/248/237 225/250/239
f 181/224/214 180/222/212 211/249/238 212/251/240
f 195/225/215 194/223/213 225/250/239 226/252/241
f 182/226/216 181/224/214 212/251/240 213/253/242
f 196/227/217 195/225/215 226/252/241 227/254/243
f 183/228/218 182/226/216 213/253/242 214/255/244
f 197/229/219 196/227/217 227/254/243 228/256/245
f 184/197/189 183/228/218 214/255/244 215/257/246
f 198/201/192 197/229/219 228/256/245 229/258/247
f 185/198/190 184/197/189 215/257/246 216/259/248
f 172/200/191 514/260/18 203/261/249
f 199/202/193 198/201/192 229/258/247 230/262/250
f 186/203/194 185/198/190 216/259/248 217/230/220
f 173/204/195 172/200/191 203/261/249 204/232/222
f 200/205/196 199/202/193 230/262/250 231/234/224
f 220/239/229 219/236/226 250/263/251 251/264/252
f 207/240/230 206/237/227 237/265/253 238/266/254
f 513/267/44 233/238/228 264/268/255
f 221/242/231 220/239/229 251/264/252 252/269/256
f 208/243/232 207/240/230 238/266/254 239/270/257
f 222/244/233 221/242/231 252/269/256 253/271/258
f 209/245/234 208/243/232 239/270/257 240/272/259
f 223/246/235 222/244/233 253/271/258 254/273/260
f 210/247/236 209/245/234 240/272/259 241/274/261
f 224/248/237 223/246/235 254/273/260 255/275/262
f 211/249/238 210/247/236 241/274/261 242/276/263
f 225/250/239 224/248/237 255/275/262 256/277/264
f 212/251/240 211/249/238 242/276/263 243/278/265
f 226/252/241 225/250/239 256/277/264 257/279/266
f 213/253/242 212/251/240 243/278/265 244/280/267
f 227/254/243 226/252/241 257/279/266 258/281/268
f 214/255/244 213/253/242 244/280/267 245/282/269
f 228/256/245 227/254/243 258/281/268 259/283/270
f 215/257/246 214/255/244 245/282/269 246/284/271
f 229/258/247 228/256/245 259/283/270 260/285/272
f 216/259/248 215/257/246 246/284/271 247/286/273
f 203/261/249 514/287/18 234/288/274
f 230/262/250 229/258/247 260/285/272 261/289/275
f 217/230/220 216/259/248 247/286/273 248/290/276
f 204/232/222 203/261/249 234/288/274 235/291/277
f 231/234/224 230/262/250 261/289/275 262/292/278
f 218/231/221 217/230/220 248/290/276 249/293/279
f 205/233/223 204/232/222 235/291/277 236/294/280
f 232/235/225 231/234/224 262/292/278 263/295/281
f 219/236/226 218/231/221 249/293/279 250/263/251
f 206/237/227 205/233/223 236/294/280 237/265/253
f 233/238/228 232/235/225 263/295/281 264/268/255
f 253/271/258 252/269/256 283/296/282 284/297/283
f 240/272/259 239/270/257 270/298/284 271/299/285
f 254/273/260 253/271/258 284/297/283 285/300/286
f 241/274/261 240/272/259 271/299/285 272/301/287
f 255/275/262 254/273/260 285/300/286 286/302/288
f 242/276/263 241/274/261 272/301/287 273/303/289
f 256/277/264 255/275/262 286/302/288 287/304/290
f 243/278/265 242/276/263 273/303/289 274/305/291
f 257/279/266 256/277/264 287/304/290 288/306/292
f 244/280/267 243/278/265 274/305/291 275/307/293
f 258/281/268 257/279/266 288/306/292 289/308/294
f 245/282/269 244/280/267 275/307/293 276/309/295
f 259/283/270 258/281/268 289/308/294 290/310/296
f 246/284/271 245/282/269 276/309/295 277/311/297
f 260/285/272 259/283/270 290/310/296 291/312/298
f 247/286/273 246/284/271 277/311/297 278/313/299
f 234/288/274 514/314/18 265/315/300
f 261/289/275 260/285/272 291/312/298 292/316/301
f 248/290/276 247/286/273 278/313/299 279/317/302
f 235/291/277 234/288/274 265/315/300 266/318/303
f 262/292/278 261/289/275 292/316/301 293/319/304
f 249/293/279 248/290/276 279/317/302 280/320/305
f 236/294/280 235/291/277 266/318/303 267/321/306
f 263/295/281 262/292/278 293/319/304 294/322/307
f 250/263/251 249/293/279 280/320/305 281/323/308
f 237/265/253 236/294/280 267/321/306 268/324/309
f 264/268/255 263/295/281 294/322/307 295/325/310
f 251/264/252 250/263/251 281/323/308 282/326/311
f 238/266/254 237/265/253 268/324/309 269/327/312
f 513/328/44 264/268/255 295/325/310
f 252/269/256 251/264/252 282/326/311 283/296/282
f 239/270/257 238/266/254 269/327/312 270/298/284
f 286/302/288 285/300/286 316/329/313 317/330/314
f 273/303/289 272/301/287 303/331/315 304/332/316
f 287/304/290 286/302/288 317/330/314 318/333/317
f 274/305/291 273/303/289 304/332/316 305/334/318
f 288/306/292 287/304/290 318/333/317 319/335/319
f 275/307/293 274/305/291 305/334/318 306/336/320
f 289/308/294 288/306/292 319/335/319 320/337/321
f 276/309/295 275/307/293 306/336/320 307/338/322
f 290/310/296 289/308/294 320/337/321 321/339/323
f 277/311/297 276/309/295 307/338/322 308/340/324
f 291/312/298 290/310/296 321/339/323 322/341/325
f 278/313/299 277/311/297 308/340/324 309/342/326
f 265/315/300 514/343/18 296/344/327
f 292/316/301 291/312/298 322/341/325 323/345/328
f 279/317/302 278/313/299 309/342/326 310/346/329
f 266/318/303 265/315/300 296/344/327 297/347/330
f 293/319/304 292/316/301 323/345/328 324/348/331
f 280/320/305 279/317/302 310/346/329 311/349/332
f 267/321/306 266/318/303 297/347/330 298/350/333
f 294/322/307 293/319/304 324/348/331 325/351/334
f 281/323/308 280/320/305 311/349/332 312/352/335
f 268/324/309 267/321/306 298/350/333 299/353/336
f 295/325/310 294/322/307 325/351/334 326/354/337
f 282/326/311 281/323/308 312/352/335 313/355/338
f 269/327/312 268/324/309 299/353/336 300/356/339
f 513/357/44 295/325/310 326/354/337
f 283/296/282 282/326/311 313/355/338 314/358/340
f 270/298/284 269/327/312 300/356/339 301/359/341
f 284/297/283 283/296/282 314/358/340 315/360/342
f 271/299/285 270/298/284 301/359/341 302/361/343
f 285/300/286 284/297/283 315/360/342 316/329/313
f 272/301/287 271/299/285 302/361/343 303/331/315
f 319/335/319 318/333/317 349/362/344 350/363/345
f 306/336/320 305/334/318 336/364/346 337/365/347
f 320/337/321 319/335/319 350/363/345 351/366/348
f 307/338/322 306/336/320 337/365/347 338/367/349
f 321/339/323 320/337/321 351/366/348 352/368/350
f 308/340/324 307/338/322 338/367/349 339/369/351
f 322/341/325 321/339/323 352/368/350 353/370/352
f 309/342/326 308/340/324 339/369/351 340/371/353
f 296/344/327 514/372/18 327/373/354
f 323/345/328 322/341/325 353/370/352 354/374/355
f 310/346/329 309/342/326 340/371/353 341/375/356
f 297/347/330 296/344/327 327/373/354 328/376/357
f 324/348/331 323/345/328 354/374/355 355/377/358
f 311/349/332 310/346/329 341/375/356 342/378/359
f 298/350/333 297/347/330 328/376/357 329/379/360
f 325/351/334 324/348/331 355/377/358 356/380/361
f 312/352/335 311/349/332 342/378/359 343/381/362
f 299/353/336 298/350/333 329/379/360 330/382/363
f 326/354/337 325/351/334 356/380/361 357/383/364
f 313/355/338 312/352/335 343/381/362 344/384/365
f 300/356/339 299/353/336 330/382/363 331/385/366
f 513/386/44 326/354/337 357/383/364
f 314/358/340 313/355/338 344/384/365 345/387/367
f 301/359/341 300/356/339 331/385/366 332/388/368
f 315/360/342 314/358/340 345/387/367 346/389/369
f 302/361/343 301/359/341 332/388/368 333/390/370
f 316/329/313 315/360/342 346/389/369 347/391/371
f 303/331/315 302/361/343 333/390/370 334/392/372
f 317/330/314 316/329/313 347/391/371 348/393/373
f 304/332/316 303/331/315 334/392/372 335/394/374
f 318/333/317 317/330/314 348/393/373 349/362/344
f 305/334/318 304/332/316 335/394/374 336/364/346
f 352/368/350 351/366/348 382/395/375 383/396/376
f 339/369/351 338/367/349 369/397/377 370/398/378
f 353/370/352 352/368/350 383/396/376 384/399/379
f 340/371/353 339/369/351 370/398/378 371/400/380
f 327/373/354 514/401/18 358/402/381
f 354/374/355 353/370/352 384/399/379 385/403/382
f 341/375/356 340/371/353 371/400/380 372/404/383
f 328/376/357 327/373/354 358/402/381 359/405/384
f 355/377/358 354/374/355 385/403/382 386/406/385
f 342/378/359 341/375/356 372/404/383 373/407/386
f 329/379/360 328/376/357 359/405/384 360/408/387
f 356/380/361 355/377/358 386/406/385 387/409/388
f 343/381/362 342/378/359 373/407/386 374/410/389
f 330/382/363 329/379/360 360/408/387 361/411/390
f 357/383/364 356/380/361 387/409/388 388/412/391
f 344/384/365 343/381/362 374/410/389 375/413/392
f 331/385/366 330/382/363 361/411/390 362/414/393
f 513/415/44 357/383/364 388/412/391
f 345/387/367 344/384/365 375/413/392 376/416/394
f 332/388/368 331/385/366 362/414/393 363/417/395
f 346/389/369 345/387/367 376/416/394 377/418/396
f 333/390/370 332/388/368 363/417/395 364/419/397
f 347/391/371 346/389/369 377/418/396 378/420/398
f 334/392/372 333/390/370 364/419/397 365/421/399
f 348/393/373 347/391/371 378/420/398 379/422/400
f 335/394/374 334/392/372 365/421/399 366/423/401
f 349/362/344 348/393/373 379/422/400 380/424/402
f 336/364/346 335/394/374 366/423/401 367/425/403
f 350/363/345 349/362/344 380/424/402 381/426/404
f 337/365/347 336/364/346 367/425/403 368/427/405
f 351/366/348 350/363/345 381/426/404 382/395/375
f 338/367/349 337/365/347 368/427/405 369/397/377
f 385/403/382 384/399/379 415/428/406 416/429/407
f 372/404/383 371/400/380 402/430/408 403/431/409
f 359/405/384 358/402/381 389/432/410 390/433/411
f 386/406/385 385/403/382 416/429/407 417/434/412
f 373/407/386 372/404/383 403/431/409 404/435/413
f 360/408/387 359/405/384 390/433/411 391/436/414
f 387/409/388 386/406/385 417/434/412 418/437/415
f 374/410/389 373/407/386 404/435/413 405/438/416
f 361/411/390 360/408/387 391/436/414 392/439/417
f 388/412/391 387/409/388 418/437/415 419/440/418
f 375/413/392 374/410/389 405/438/416 406/441/419
f 362/414/393 361/411/390 392/439/417 393/442/420
f 513/443/44 388/412/391 419/440/418
f 376/416/394 375/413/392 406/441/419 407/444/421
f 363/417/395 362/414/393 393/442/420 394/445/422
f 377/418/396 376/416/394 407/444/421 408/446/423
f 364/419/397 363/417/395 394/445/422 395/447/424
f 378/420/398 377/418/396 408/446/423 409/448/425
f 365/421/399 364/419/397 395/447/424 396/449/426
f 379/422/400 378/420/398 409/448/425 410/450/427
f 366/423/401 365/421/399 396/449/426 397/451/428
f 380/424/402 379/422/400 410/450/427 411/452/429
f 367/425/403 366/423/401 397/451/428 398/453/430
f 381/426/404 380/424/402 411/452/429 412/454/431
f 368/427/405 367/425/403 398/453/430 399/455/432
f 382/395/375 381/426/404 412/454/431 413/456/433
f 369/397/377 368/427/405 399/455/432 400/457/434
f 383/396/376 382/395/375 413/456/433 414/458/435
f 370/398/378 369/397/377 400/457/434 401/459/436
f 384/399/379 383/396/376 414/458/435 415/428/406
f 371/400/380 370/398/378 401/459/436 402/430/408
f 358/402/381 514/460/18 389/432/410
f 418/437/415 417/434/412 448/461/437 449/462/438
f 405/438/416 404/435/413 435/463/439 436/464/440
f 392/439/417 391/436/414 422/465/441 423/466/442
f 419/440/418 418/437/415 449/462/438 450/467/443
f 406/441/419 405/438/416 436/464/440 437/468/444
f 393/442/420 392/439/417 423/466/442 424/469/445
f 513/470/44 419/440/418 450/467/443
f 407/444/421 406/441/419 437/468/444 438/471/446
f 394/445/422 393/442/420 424/469/445 425/472/447
f 408/446/423 407/444/421 438/471/446 439/473/448
f 395/447/424 394/445/422 425/472/447 426/474/449
f 409/448/425 408/446/423 439/473/448 440/475/450
f 396/449/426 395/447/424 426/474/449 427/476/451
f 410/450/427 409/448/425 440/475/450 441/477/452
f 397/451/428 396/449/426 427/476/451 428/478/453
f 411/452/429 410/450/427 441/477/452 442/479/454
f 398/453/430 397/451/428 428/478/453 429/480/455
f 412/454/431 411/452/429 442/479/454 443/481/456
f 399/455/432 398/453/430 429/480/455 430/482/457
f 413/456/433 412/454/431 443/481/456 444/483/458
f 400/457/434 399/455/432 430/482/457 431/484/459
f 414/458/435 413/456/433 444/483/458 445/485/460
f 401/459/436 400/457/434 431/484/459 432/486/461
f 415/428/406 414/458/435 445/485/460 446/487/462
f 402/430/408 401/459/436 432/486/461 433/488/463
f 389/432/410 514/489/18 420/490/464
f 416/429/407 415/428/406 446/487/462 447/491/465
f 403/431/409 402/430/408 433/488/463 434/492/466
f 390/433/411 389/432/410 420/490/464 421/493/467
f 417/434/412 416/429/407 447/491/465 448/461/437
f 404/435/413 403/431/409 434/492/466 435/463/439
f 391/436/414 390/433/411 421/493/467 422/465/441
f 513/494/44 450/467/443 481/495/468
f 438/471/446 437/468/444 468/496/469 469/497/470
f 425/472/447 424/469/445 455/498/471 456/499/472
f 439/473/448 438/471/446 469/497/470 470/500/473
f 426/474/449 425/472/447 456/499/472 457/501/474
f 440/475/450 439/473/448 470/500/473 471/502/475
f 427/476/451 426/474/449 457/501/474 458/503/476
f 441/477/452 440/475/450 471/502/475 472/504/477
f 428/478/453 427/476/451 458/503/476 459/505/478
f 442/479/454 441/477/452 472/504/477 473/506/479
f 429/480/455 428/478/453 459/505/478 460/507/480
f 443/481/456 442/479/454 473/506/479 474/508/481
f 430/482/457 429/480/455 460/507/480 461/509/482
f 444/483/458 443/481/456 474/508/481 475/510/483
f 431/484/459 430/482/457 461/509/482 462/511/484
f 445/485/460 444/483/458 475/510/483 476/512/485
f 432/486/461 431/484/459 462/511/484 463/513/486
f 446/487/462 445/485/460 476/512/485 477/514/487
f 433/488/463 432/486/461 463/513/486 464/515/488
f 420/490/464 514/516/18 451/517/489
f 447/491/465 446/487/462 477/514/487 478/518/490
f 434/492/466 433/488/463 464/515/488 465/519/491
f 421/493/467 420/490/464 451/517/489 452/520/492
f 448/461/437 447/491/465 478/518/490 479/521/493
f 435/463/439 434/492/466 465/519/491 466/522/494
f 422/465/441 421/493/467 452/520/492 453/523/495
f 449/462/438 448/461/437 479/521/493 480/524/496
f 436/464/440 435/463/439 466/522/494 467/525/497
f 423/466/442 422/465/441 453/523/495 454/526/498
f 450/467/443 449/462/438 480/524/496 481/495/468
f 437/468/444 436/464/440 467/525/497 468/496/469
f 424/469/445 423/466/442 454/526/498 455/498/471
f 471/502/475 470/500/473 501/527/499 502/528/500
f 458/503/476 457/501/474 488/529/501 489/530/502
f 472/504/477 471/502/475 502/528/500 503/531/503
f 459/505/478 458/503/476 489/530/502 490/532/504
f 473/506/479 472/504/477 503/531/503 504/533/505
f 460/507/480 459/505/478 490/532/504 491/534/506
f 474/508/481 473/506/479 504/533/505 505/535/507
f 461/509/482 460/507/480 491/534/506 492/536/508
f 475/510/483 474/508/481 505/535/507 506/537/509
f 462/511/484 461/509/482 492/536/508 493/538/510
f 476/512/485 475/510/483 506/537/509 507/539/511
f 463/513/486 462/511/484 493/538/510 494/540/512
f 477/514/487 476/512/485 507/539/511 508/541/513
f 464/515/488 463/513/486 494/540/512 495/542/514
f 451/517/489 514/543/18 482/544/515
f 478/518/490 477/514/487 508/541/513 509/545/516
f 465/519/491 464/515/488 495/542/514 496/546/517
f 452/520/492 451/517/489 482/544/515 483/547/518
f 479/521/493 478/518/490 509/545/516 510/548/519
f 466/522/494 465/519/491 496/546/517 497/549/520
f 453/523/495 452/520/492 483/547/518 484/550/521
f 480/524/496 479/521/493 510/548/519 511/551/522
f 467/525/497 466/522/494 497/549/520 498/552/523
f 454/526/498 453/523/495 484/550/521 485/553/524
f 481/495/468 480/524/496 511/551/522 512/554/525
f 468/496/469 467/525/497 498/552/523 499/555/526
f 455/498/471 454/526/498 485/553/524 486/556/527
f 513/557/44 481/495/468 512/554/525
f 469/497/470 468/496/469 499/555/526 500/558/528
f 456/499/472 455/498/471 486/556/527 487/559/529
f 470/500/473 469/497/470 500/558/528 501/527/499
f 457/501/474 456/499/472 487/559/529 488/529/501
f 504/533/505 503/531/503 536/560/530 537/561/531
f 491/534/506 490/532/504 523/562/532 524/563/533
f 505/535/507 504/533/505 537/561/531 538/564/534
f 492/536/508 491/534/506 524/563/533 525/565/535
f 506/537/509 505/535/507 538/564/534 539/566/536
f 493/538/510 492/536/508 525/565/535 526/567/537
f 507/539/511 506/537/509 539/566/536 540/568/538
f 494/540/512 493/538/510 526/567/537 527/569/539
f 508/541/513 507/539/511 540/568/538 541/570/540
f 495/542/514 494/540/512 527/569/539 528/571/541
f 482/544/515 514/572/18 515/573/542
f 509/545/516 508/541/513 541/570/540 542/574/543
f 496/546/517 495/542/514 528/571/541 529/575/544
f 483/547/518 482/544/515 515/573/542 516/576/545
f 510/548/519 509/545/516 542/574/543 543/577/546
f 497/549/520 496/546/517 529/575/544 530/578/547
f 484/550/521 483/547/518 516/576/545 517/579/548
f 511/551/522 510/548/519 543/577/546 544/580/549
f 498/552/523 497/549/520 530/578/547 531/581/550
f 485/553/524 484/550/521 517/579/548 518/582/551
f 512/554/525 511/551/522 544/580/549 545/583/552
f 499/555/526 498/552/523 531/581/550 532/584/553
f 486/556/527 485/553/524 518/582/551 519/585/554
f 513/586/44 512/554/525 545/583/552
f 500/558/528 499/555/526 532/584/553 533/587/555
f 487/559/529 486/556/527 519/585/554 520/588/556
f 501/527/499 500/558/528 533/587/555 534/589/557
f 488/529/501 487/559/529 520/588/556 521/590/558
f 502/528/500 501/527/499 534/589/557 535/591/559
f 489/530/502 488/529/501 521/590/558 522/592/560
f 503/531/503 502/528/500 535/591/559 536/560/530
f 490/532/504 489/530/502 522/592/560 523/562/532
f 539/566/536 538/564/534 569/593/561 570/594/562
f 526/567/537 525/565/535 556/595/563 557/596/564
f 540/568/538 539/566/536 570/594/562 571/597/565
f 527/569/539 526/567/537 557/596/564 558/598/566
f 541/570/540 540/568/538 571/597/565 572/599/567
f 528/571/541 527/569/539 558/598/566 559/600/568
f 515/573/542 514/601/18 546/602/569
f 542/574/543 541/570/540 572/599/567 573/603/570
f 529/575/544 528/571/541 559/600/568 560/604/571
f 516/576/545 515/573/542 546/602/569 547/605/572
f 543/577/546 542/574/543 573/603/570 574/606/573
f 530/578/547 529/575/544 560/604/571 561/607/574
f 517/579/548 516/576/545 547/605/572 548/608/575
f 544/580/549 543/577/546 574/606/573 575/609/576
f 531/581/550 530/578/547 561/607/574 562/610/577
f 518/582/551 517/579/548 548/608/575 549/611/578
f 545/583/552 544/580/549 575/609/576 576/612/579
f 532/584/553 531/581/550 562/610/577 563/613/580
f 519/585/554 518/582/551 549/611/578 550/614/581
f 513/615/44 545/583/552 576/612/579
f 533/587/555 532/584/553 563/613/580 564/616/582
f 520/588/556 519/585/554 550/614/581 551/617/583
f 534/589/557 533/587/555 564/616/582 565/618/584
f 521/590/558 520/588/556 551/617/583 552/619/585
f 535/591/559 534/589/557 565/618/584 566/620/586
f 522/592/560 521/590/558 552/619/585 553/621/587
f 536/560/530 535/591/559 566/620/586 567/622/588
f 523/562/532 522/592/560 553/621/587 554/623/589
f 537/561/531 536/560/530 567/622/588 568/624/590
f 524/563/533 523/562/532 554/623/589 555/625/591
f 538/564/534 537/561/531 568/624/590 569/593/561
f 525/565/535 524/563/533 555/625/591 556/595/563
f 572/599/567 571/597/565 602/626/592 603/627/593
f 559/600/568 558/598/566 589/628/594 590/629/595
f 546/602/569 514/630/18 577/631/596
f 573/603/570 572/599/567 603/627/593 604/632/597
f 560/604/571 559/600/568 590/629/595 591/633/598
f 547/605/572 546/602/569 577/631/596 578/634/599
f 574/606/573 573/603/570 604/632/597 605/635/600
f 561/607/574 560/604/571 591/633/598 592/636/601
f 548/608/575 547/605/572 578/634/599 579/637/602
f 575/609/576 574/606/573 605/635/600 606/638/603
f 562/610/577 561/607/574 592/636/601 593/639/604
f 549/611/578 548/608/575 579/637/602 580/640/605
f 576/612/579 575/609/576 606/638/603 607/641/606
f 563/613/580 562/610/577 593/639/604 594/642/607
f 550/614/581 549/611/578 580/640/605 581/643/608
f 513/644/44 576/612/579 607/641/606
f 564/616/582 563/613/580 594/642/607 595/645/609
f 551/617/583 550/614/581 581/643/608 582/646/610
f 565/618/584 564/616/582 595/645/609 596/647/611
f 552/619/585 551/617/583 582/646/610 583/648/612
f 566/620/586 565/618/584 596/647/611 597/649/613
f 553/621/587 552/619/585 583/648/612 584/650/614
f 567/622/588 566/620/586 597/649/613 598/651/615
f 554/623/589 553/621/587 584/650/614 585/652/616
f 568/624/590 567/622/588 598/651/615 599/653/617
f 555/625/591 554/623/589 585/652/616 586/654/618
f 569/593/561 568/624/590 599/653/617 600/655/619
f 556/595/563 555/625/591 586/654/618 587/656/620
f 570/594/562 569/593/561 600/655/619 601/657/621
f 557/596/564 556/595/563 587/656/620 588/658/622
f 571/597/565 570/594/562 601/657/621 602/626/592
f 558/598/566 557/596/564 588/658/622 589/628/594
f 578/634/599 577/631/596 608/659/623 609/660/624
f 605/635/600 604/632/597 635/661/625 636/662/626
f 592/636/601 591/633/598 622/663/627 623/664/628
f 579/637/602 578/634/599 609/660/624 610/665/629
f 606/638/603 605/635/600 636/662/626 637/666/630
f 593/639/604 592/636/601 623/664/628 624/667/631
f 580/640/605 579/637/602 610/665/629 611/668/632
f 607/641/606 606/638/603 637/666/630 638/669/633
f 594/642/607 593/639/604 624/667/631 625/670/634
f 581/643/608 580/640/605 611/668/632 612/671/635
f 513/672/44 607/641/606 638/669/633
f 595/645/609 594/642/607 625/670/634 626/673/636
f 582/646/610 581/643/608 612/671/635 613/674/637
f 596/647/611 595/645/609 626/673/636 627/675/638
f 583/648/612 582/646/610 613/674/637 614/676/639
f 597/649/613 596/647/611 627/675/638 628/677/640
f 584/650/614 583/648/612 614/676/639 615/678/641
f 598/651/615 597/649/613 628/677/640 629/679/642
f 585/652/616 584/650/614 615/678/641 616/680/643
f 599/653/617 598/651/615 629/679/642 630/681/644
f 586/654/618 585/652/616 616/680/643 617/682/645
f 600/655/619 599/653/617 630/681/644 631/683/646
f 587/656/620 586/654/618 617/682/645 618/684/647
f 601/657/621 600/655/619 631/683/646 632/685/648
f 588/658/622 587/656/620 618/684/647 619/686/649
f 602/626/592 601/657/621 632/685/648 633/687/650
f 589/628/594 588/658/622 619/686/649 620/688/651
f 603/627/593 602/626/592 633/687/650 634/689/652
f 590/629/595 589/628/594 620/688/651 621/690/653
f 577/631/596 514/691/18 608/659/623
f 604/632/597 603/627/593 634/689/652 635/661/625
f 591/633/598 590/629/595 621/690/653 622/663/627
f 611/668/632 610/665/629 641/692/654 642/693/655
f 638/669/633 637/666/630 668/694/656 669/695/657
f 625/670/634 624/667/631 655/696/658 656/697/659
f 612/671/635 611/668/632 642/693/655 643/698/660
f 513/699/44 638/669/633 669/695/657
f 626/673/636 625/670/634 656/697/659 657/700/661
f 613/674/637 612/671/635 643/698/660 644/701/662
f 627/675/638 626/673/636 657/700/661 658/702/663
f 614/676/639 613/674/637 644/701/662 645/703/664
f 628/677/640 627/675/638 658/702/663 659/704/665
f 615/678/641 614/676/639 645/703/664 646/705/666
f 629/679/642 628/677/640 659/704/665 660/706/667
f 616/680/643 615/678/641 646/705/666 647/707/668
f 630/681/644 629/679/642 660/706/667 661/708/669
f 617/682/645 616/680/643 647/707/668 648/709/670
f 631/683/646 630/681/644 661/708/669 662/710/671
f 618/684/647 617/682/645 648/709/670 649/711/672
f 632/685/648 631/683/646 662/710/671 663/712/673
f 619/686/649 618/684/647 649/711/672 650/713/674
f 633/687/650 632/685/648 663/712/673 664/714/675
f 620/688/651 619/686/649 650/713/674 651/715/676
f 634/689/652 633/687/650 664/714/675 665/716/677
f 621/690/653 620/688/651 651/715/676 652/717/678
f 608/659/623 514/718/18 639/719/679
f 635/661/625 634/689/652 665/716/677 666/720/680
f 622/663/627 621/690/653 652/717/678 653/721/681
f 609/660/624 608/659/623 639/719/679 640/722/682
f 636/662/626 635/661/625 666/720/680 667/723/683
f 623/664/628 622/663/627 653/721/681 654/724/684
f 610/665/629 609/660/624 640/722/682 641/692/654
f 637/666/630 636/662/626 667/723/683 668/694/656
f 624/667/631 623/664/628 654/724/684 655/696/658
f 644/701/662 643/698/660 674/725/685 675/726/686
f 658/702/663 657/700/661 688/727/687 689/728/688
f 645/703/664 644/701/662 675/726/686 676/729/689
f 659/704/665 658/702/663 689/728/688 690/730/690
f 646/705/666 645/703/664 676/729/689 677/731/691
f 660/706/667 659/704/665 690/730/690 691/732/692
f 647/707/668 646/705/666 677/731/691 678/733/693
f 661/708/669 660/706/667 691/732/692 692/734/694
f 648/709/670 647/707/668 678/733/693 679/735/695
f 662/710/671 661/708/669 692/734/694 693/736/696
f 649/711/672 648/709/670 679/735/695 680/737/697
f 663/712/673 662/710/671 693/736/696 694/738/698
f 650/713/674 649/711/672 680/737/697 681/739/699
f 664/714/675 663/712/673 694/738/698 695/740/700
f 651/715/676 650/713/674 681/739/699 682/741/701
f 665/716/677 664/714/675 695/740/700 696/742/702
f 652/717/678 651/715/676 682/741/701 683/743/703
f 639/719/679 514/744/18 670/745/704
f 666/720/680 665/716/677 696/742/702 697/746/705
f 653/721/681 652/717/678 683/743/703 684/747/706
f 640/722/682 639/719/679 670/745/704 671/748/707
f 667/723/683 666/720/680 697/746/705 698/749/708
f 654/724/684 653/721/681 684/747/706 685/750/709
f 641/692/654 640/722/682 671/748/707 672/751/710
f 668/694/656 667/723/683 698/749/708 699/752/711
f 655/696/658 654/724/684 685/750/709 686/753/712
f 642/693/655 641/692/654 672/751/710 673/754/713
f 669/695/657 668/694/656 699/752/711 700/755/714
f 656/697/659 655/696/658 686/753/712 687/756/715
f 643/698/660 642/693/655 673/754/713 674/725/685
f 513/757/44 669/695/657 700/755/714
f 657/700/661 656/697/659 687/756/715 688/727/687
f 677/731/691 676/729/689 707/758/716 708/759/717
f 691/732/692 690/730/690 721/760/718 722/761/719
f 678/733/693 677/731/691 708/759/717 709/762/720
f 692/734/694 691/732/692 722/761/719 723/763/721
f 679/735/695 678/733/693 709/762/720 710/764/722
f 693/736/696 692/734/694 723/763/721 724/765/723
f 680/737/697 679/735/695 710/764/722 711/766/724
f 694/738/698 693/736/696 724/765/723 725/767/725
f 681/739/699 680/737/697 711/766/724 712/768/726
f 695/740/700 694/738/698 725/767/725 726/769/727
f 682/741/701 681/739/699 712/768/726 713/770/728
f 696/742/702 695/740/700 726/769/727 727/771/729
f 683/743/703 682/741/701 713/770/728 714/772/730
f 670/745/704 514/773/18 701/774/731
f 697/746/705 696/742/702 727/771/729 728/775/732
f 684/747/706 683/743/703 714/772/730 715/776/733
f 671/748/707 670/745/704 701/774/731 702/777/734
f 698/749/708 697/746/705 728/775/732 729/778/735
f 685/750/709 684/747/706 715/776/733 716/779/736
f 672/751/710 671/748/707 702/777/734 703/780/737
f 699/752/711 698/749/708 729/778/735 730/781/738
f 686/753/712 685/750/709 716/779/736 717/782/739
f 673/754/713 672/751/710 703/780/737 704/783/740
f 700/755/714 699/752/711 730/781/738 731/784/741
f 687/756/715 686/753/712 717/782/739 718/785/742
f 674/725/685 673/754/713 704/783/740 705/786/743
f 513/787/44 700/755/714 731/784/741
f 688/727/687 687/756/715 718/785/742 719/788/744
f 675/726/686 674/725/685 705/786/743 706/789/745
f 689/728/688 688/727/687 719/788/744 720/790/746
f 676/729/689 675/726/686 706/789/745 707/758/716
f 690/730/690 689/728/688 720/790/746 721/760/718
f 710/764/722 709/762/720 740/791/747 741/792/748
f 724/765/723 723/763/721 754/793/749 755/794/750
f 711/766/724 710/764/722 741/792/748 742/795/751
f 725/767/725 724/765/723 755/794/750 756/796/752
f 712/768/726 711/766/724 742/795/751 743/797/753
f 726/769/727 725/767/725 756/796/752 757/798/754
f 713/770/728 712/768/726 743/797/753 744/799/755
f 727/771/729 726/769/727 757/798/754 758/800/756
f 714/772/730 713/770/728 744/799/755 745/801/757
f 701/774/731 514/802/18 732/803/758
f 728/775/732 727/771/729 758/800/756 759/804/759
f 715/776/733 714/772/730 745/801/757 746/805/760
f 702/777/734 701/774/731 732/803/758 733/806/761
f 729/778/735 728/775/732 759/804/759 760/807/762
f 716/779/736 715/776/733 746/805/760 747/808/763
f 703/780/737 702/777/734 733/806/761 734/809/764
f 730/781/738 729/778/735 760/807/762 761/810/765
f 717/782/739 716/779/736 747/808/763 748/811/766
f 704/783/740 703/780/737 734/809/764 735/812/767
f 731/784/741 730/781/738 761/810/765 762/813/768
f 718/785/742 717/782/739 748/811/766 749/814/769
f 705/786/743 704/783/740 735/812/767 736/815/770
f 513/816/44 731/784/741 762/813/768
f 719/788/744 718/785/742 749/814/769 750/817/771
f 706/789/745 705/786/743 736/815/770 737/818/772
f 720/790/746 719/788/744 750/817/771 751/819/773
f 707/758/716 706/789/745 737/818/772 738/820/774
f 721/760/718 720/790/746 751/819/773 752/821/775
f 708/759/717 707/758/716 738/820/774 739/822/776
f 722/761/719 721/760/718 752/821/775 753/823/777
f 709/762/720 708/759/717 739/822/776 740/791/747
f 723/763/721 722/761/719 753/823/777 754/793/749
f 743/824/753 742/825/751 773/826/778 774/827/779
f 757/828/754 756/829/752 787/830/780 788/831/781
f 744/832/755 743/824/753 774/827/779 775/833/782
f 758/834/756 757/828/754 788/831/781 789/835/783
f 745/836/757 744/832/755 775/833/782 776/837/784
f 732/838/758 514/839/18 763/840/785
f 759/841/759 758/834/756 789/835/783 790/842/786
f 746/843/760 745/836/757 776/837/784 777/844/787
f 733/845/761 732/838/758 763/840/785 764/846/788
f 760/847/762 759/841/759 790/842/786 791/848/789
f 747/849/763 746/843/760 777/844/787 778/850/790
f 734/851/764 733/845/761 764/846/788 765/852/791
f 761/853/765 760/847/762 791/848/789 792/854/792
f 748/855/766 747/849/763 778/850/790 779/856/793
f 735/857/767 734/851/764 765/852/791 766/858/794
f 762/859/768 761/853/765 792/854/792 793/860/795
f 749/861/769 748/855/766 779/856/793 780/862/796
f 736/863/770 735/857/767 766/858/794 767/864/797
f 513/865/44 762/859/768 793/860/795
f 750/866/771 749/861/769 780/862/796 781/867/798
f 737/868/772 736/863/770 767/864/797 768/869/799
f 751/870/773 750/866/771 781/867/798 782/871/800
f 738/872/774 737/868/772 768/869/799 769/873/801
f 752/874/775 751/870/773 782/871/800 783/875/802
f 739/876/776 738/872/774 769/873/801 770/877/803
f 753/878/777 752/874/775 783/875/802 784/879/804
f 740/880/747 739/876/776 770/877/803 771/881/805
f 754/882/749 753/878/777 784/879/804 785/883/806
f 741/884/748 740/880/747 771/881/805 772/885/807
f 755/886/750 754/882/749 785/883/806 786/887/808
f 742/825/751 741/884/748 772/885/807 773/826/778
f 756/829/752 755/886/750 786/887/808 787/830/780
f 776/837/784 775/833/782 806/888/809 807/889/810
f 763/840/785 514/890/18 794/891/811
f 790/842/786 789/835/783 820/892/812 821/893/813
f 777/844/787 776/837/784 807/889/810 808/894/814
f 764/846/788 763/840/785 794/891/811 795/895/815
f 791/848/789 790/842/786 821/893/813 822/896/816
f 778/850/790 777/844/787 808/894/814 809/897/817
f 765/852/791 764/846/788 795/895/815 796/898/818
f 792/854/792 791/848/789 822/896/816 823/899/819
f 779/856/793 778/850/790 809/897/817 810/900/820
f 766/858/794 765/852/791 796/898/818 797/901/821
f 793/860/795 792/854/792 823/899/819 824/902/822
f 780/862/796 779/856/793 810/900/820 811/903/823
f 767/864/797 766/858/794 797/901/821 798/904/824
f 513/905/44 793/860/795 824/902/822
f 781/867/798 780/862/796 811/903/823 812/906/825
f 768/869/799 767/864/797 798/904/824 799/907/826
f 782/871/800 781/867/798 812/906/825 813/908/827
f 769/873/801 768/869/799 799/907/826 800/909/828
f 783/875/802 782/871/800 813/908/827 814/910/829
f 770/877/803 769/873/801 800/909/828 801/911/830
f 784/879/804 783/875/802 814/910/829 815/912/831
f 771/881/805 770/877/803 801/911/830 802/913/832
f 785/883/806 784/879/804 815/912/831 816/914/833
f 772/885/807 771/881/805 802/913/832 803/915/834
f 786/887/808 785/883/806 816/914/833 817/916/835
f 773/826/778 772/885/807 803/915/834 804/917/836
f 787/830/780 786/887/808 817/916/835 818/918/837
f 774/827/779 773/826/778 804/917/836 805/919/838
f 788/831/781 787/830/780 818/918/837 819/920/839
f 775/833/782 774/827/779 805/919/838 806/888/809
f 789/835/783 788/831/781 819/920/839 820/892/812
f 816/914/833 815/912/831 846/921/840 847/922/841
f 803/915/834 802/913/832 833/923/842 834/924/843
f 817/916/835 816/914/833 847/922/841 848/925/844
f 804/917/836 803/915/834 834/924/843 835/926/845
f 818/918/837 817/916/835 848/925/844 849/927/846
f 805/919/838 804/917/836 835/926/845 836/928/847
f 819/920/839 818/918/837 849/927/846 850/929/848
f 806/888/809 805/919/838 836/928/847 837/930/849
f 820/892/812 819/920/839 850/929/848 851/931/850
f 807/889/810 806/888/809 837/930/849 838/932/851
f 794/891/811 514/933/18 825/934/852
f 821/893/813 820/892/812 851/931/850 852/935/853
f 808/894/814 807/889/810 838/932/851 839/936/854
f 795/895/815 794/891/811 825/934/852 826/937/855
f 822/896/816 821/893/813 852/935/853 853/938/856
f 809/897/817 808/894/814 839/936/854 840/939/857
f 796/898/818 795/895/815 826/937/855 827/940/858
f 823/899/819 822/896/816 853/938/856 854/941/859
f 810/900/820 809/897/817 840/939/857 841/942/860
f 797/901/821 796/898/818 827/940/858 828/943/861
f 824/902/822 823/899/819 854/941/859 855/944/862
f 811/903/823 810/900/820 841/942/860 842/945/863
f 798/904/824 797/901/821 828/943/861 829/946/864
f 513/947/44 824/902/822 855/944/862
f 812/906/825 811/903/823 842/945/863 843/948/865
f 799/907/826 798/904/824 829/946/864 830/949/866
f 813/908/827 812/906/825 843/948/865 844/950/867
f 800/909/828 799/907/826 830/949/866 831/951/868
f 814/910/829 813/908/827 844/950/867 845/952/869
f 801/911/830 800/909/828 831/951/868 832/953/870
f 815/912/831 814/910/829 845/952/869 846/921/840
f 802/913/832 801/911/830 832/953/870 833/923/842
f 849/927/846 848/925/844 879/954/871 880/955/872
f 836/928/847 835/926/845 866/956/873 867/957/874
f 850/929/848 849/927/846 880/955/872 881/958/875
f 837/930/849 836/928/847 867/957/874 868/959/876
f 851/931/850 850/929/848 881/958/875 882/960/877
f 838/932/851 837/930/849 868/959/876 869/961/878
f 825/934/852 514/962/18 856/963/879
f 852/935/853 851/931/850 882/960/877 883/964/880
f 839/936/854 838/932/851 869/961/878 870/965/881
f 826/937/855 825/934/852 856/963/879 857/966/882
f 853/938/856 852/935/853 883/964/880 884/967/883
f 840/939/857 839/936/854 870/965/881 871/968/884
f 827/940/858 826/937/855 857/966/882 858/969/885
f 854/941/859 853/938/856 884/967/883 885/970/886
f 841/942/860 840/939/857 871/968/884 872/971/887
f 828/943/861 827/940/858 858/969/885 859/972/888
f 855/944/862 854/941/859 885/970/886 886/973/889
f 842/945/863 841/942/860 872/971/887 873/974/890
f 829/946/864 828/943/861 859/972/888 860/975/891
f 513/976/44 855/944/862 886/973/889
f 843/948/865 842/945/863 873/974/890 874/977/892
f 830/949/866 829/946/864 860/975/891 861/978/893
f 844/950/867 843/948/865 874/977/892 875/979/894
f 831/951/868 830/949/866 861/978/893 862/980/895
f 845/952/869 844/950/867 875/979/894 876/981/896
f 832/953/870 831/951/868 862/980/895 863/982/897
f 846/921/840 845/952/869 876/981/896 877/983/898
f 833/923/842 832/953/870 863/982/897 864/984/899
f 847/922/841 846/921/840 877/983/898 878/985/900
f 834/924/843 833/923/842 864/984/899 865/986/901
f 848/925/844 847/922/841 878/985/900 879/954/871
f 835/926/845 834/924/843 865/986/901 866/956/873
f 882/960/877 881/958/875 912/987/902 913/988/903
f 869/961/878 868/959/876 899/989/904 900/990/905
f 856/963/879 514/991/18 887/992/906
f 883/964/880 882/960/877 913/988/903 914/993/907
f 870/965/881 869/961/878 900/990/905 901/994/908
f 857/966/882 856/963/879 887/992/906 888/995/909
f 884/967/883 883/964/880 914/993/907 915/996/910
f 871/968/884 870/965/881 901/994/908 902/997/911
f 858/969/885 857/966/882 888/995/909 889/998/912
f 885/970/886 884/967/883 915/996/910 916/999/913
f 872/971/887 871/968/884 902/997/911 903/1000/914
f 859/972/888 858/969/885 889/998/912 890/1001/915
f 886/973/889 885/970/886 916/999/913 917/1002/916
f 873/974/890 872/971/887 903/1000/914 904/1003/917
f 860/975/891 859/972/888 890/1001/915 891/1004/918
f 513/1005/44 886/973/889 917/1002/916
f 874/977/892 873/974/890 904/1003/917 905/1006/919
f 861/978/893 860/975/891 891/1004/918 892/1007/920
f 875/979/894 874/977/892 905/1006/919 906/1008/921
f 862/980/895 861/978/893 892/1007/920 893/1009/922
f 876/981/896 875/979/894 906/1008/921 907/1010/923
f 863/982/897 862/980/895 893/1009/922 894/1011/924
f 877/983/898 876/981/896 907/1010/923 908/1012/925
f 864/984/899 863/982/897 894/1011/924 895/1013/926
f 878/985/900 877/983/898 908/1012/925 909/1014/927
f 865/986/901 864/984/899 895/1013/926 896/1015/928
f 879/954/871 878/985/900 909/1014/927 910/1016/929
f 866/956/873 865/986/901 896/1015/928 897/1017/930
f 880/955/872 879/954/871 910/1016/929 911/1018/931
f 867/957/874 866/956/873 897/1017/930 898/1019/932
f 881/958/875 880/955/872 911/1018/931 912/987/902
f 868/959/876 867/957/874 898/1019/932 899/989/904
f 915/996/910 914/993/907 945/1020/933 946/1021/934
f 902/997/911 901/994/908 932/1022/935 933/1023/936
f 889/998/912 888/995/909 919/1024/937 920/1025/938
f 916/999/913 915/996/910 946/1021/934 947/1026/939
f 903/1000/914 902/997/911 933/1023/936 934/1027/940
f 890/1001/915 889/998/912 920/1025/938 921/1028/941
f 917/1002/916 916/999/913 947/1026/939 948/1029/942
f 904/1003/917 903/1000/914 934/1027/940 935/1030/943
f 891/1004/918 890/1001/915 921/1028/941 922/1031/944
f 513/1032/44 917/1002/916 948/1029/942
f 905/1006/919 904/1003/917 935/1030/943 936/1033/945
f 892/1007/920 891/1004/918 922/1031/944 923/1034/946
f 906/1008/921 905/1006/919 936/1033/945 937/1035/947
f 893/1009/922 892/1007/920 923/1034/946 924/1036/948
f 907/1010/923 906/1008/921 937/1035/947 938/1037/949
f 894/1011/924 893/1009/922 924/1036/948 925/1038/950
f 908/1012/925 907/1010/923 938/1037/949 939/1039/951
f 895/1013/926 894/1011/924 925/1038/950 926/1040/952
f 909/1014/927 908/1012/925 939/1039/951 940/1041/953
f 896/1015/928 895/1013/926 926/1040/952 927/1042/954
f 910/1016/929 909/1014/927 940/1041/953 941/1043/955
f 897/1017/930 896/1015/928 927/1042/954 928/1044/956
f 911/1018/931 910/1016/929 941/1043/955 942/1045/957
f 898/1019/932 897/1017/930 928/1044/956 929/1046/958
f 912/987/902 911/1018/931 942/1045/957 943/1047/959
f 899/989/904 898/1019/932 929/1046/958 930/1048/960
f 913/988/903 912/987/902 943/1047/959 944/1049/961
f 900/990/905 899/989/904 930/1048/960 931/1050/962
f 887/992/906 514/1051/18 918/1052/963
f 914/993/907 913/988/903 944/1049/961 945/1020/933
f 901/994/908 900/990/905 931/1050/962 932/1022/935
f 888/995/909 887/992/906 918/1052/963 919/1024/937
f 948/1029/942 947/1026/939 978/1053/964 979/1054/965
f 935/1030/943 934/1027/940 965/1055/966 966/1056/967
f 922/1031/944 921/1028/941 952/1057/968 953/1058/969
f 513/1059/44 948/1029/942 979/1054/965
f 936/1033/945 935/1030/943 966/1056/967 967/1060/970
f 923/1034/946 922/1031/944 953/1058/969 954/1061/971
f 937/1035/947 936/1033/945 967/1060/970 968/1062/972
f 924/1036/948 923/1034/946 954/1061/971 955/1063/973
f 938/1037/949 937/1035/947 968/1062/972 969/1064/974
f 925/1038/950 924/1036/948 955/1063/973 956/1065/975
f 939/1039/951 938/1037/949 969/1064/974 970/1066/976
f 926/1040/952 925/1038/950 956/1065/975 957/1067/977
f 940/1041/953 939/1039/951 970/1066/976 971/1068/978
f 927/1042/954 926/1040/952 957/1067/977 958/1069/979
f 941/1043/955 940/1041/953 971/1068/978 972/1070/980
f 928/1044/956 927/1042/954 958/1069/979 959/1071/981
f 942/1045/957 941/1043/955 972/1070/980 973/1072/982
f 929/1046/958 928/1044/956 959/1071/981 960/1073/983
f 943/1047/959 942/1045/957 973/1072/982 974/1074/984
f 930/1048/960 929/1046/958 960/1073/983 961/1075/985
f 944/1049/961 943/1047/959 974/1074/984 975/1076/986
f 931/1050/962 930/1048/960 961/1075/985 962/1077/987
f 918/1052/963 514/1078/18 949/1079/988
f 945/1020/933 944/1049/961 975/1076/986 976/1080/989
f 932/1022/935 931/1050/962 962/1077/987 963/1081/990
f 919/1024/937 918/1052/963 949/1079/988 950/1082/991
f 946/1021/934 945/1020/933 976/1080/989 977/1083/992
f 933/1023/936 932/1022/935 963/1081/990 964/1084/993
f 920/1025/938 919/1024/937 950/1082/991 951/1085/994
f 947/1026/939 946/1021/934 977/1083/992 978/1053/964
f 934/1027/940 933/1023/936 964/1084/993 965/1055/966
f 921/1028/941 920/1025/938 951/1085/994 952/1057/968
f 968/1062/972 967/1060/970 990/45/45 991/49/49
f 955/1063/973 954/1061/971 985/47/47 1/51/51
f 969/1064/974 968/1062/972 991/49/49 9/53/53
f 956/1065/975 955/1063/973 1/51/51 986/55/55
f 970/1066/976 969/1064/974 9/53/53 10/57/57
f 957/1067/977 956/1065/975 986/55/55 2/59/59
f 971/1068/978 970/1066/976 10/57/57 11/61/61
f 958/1069/979 957/1067/977 2/59/59 987/63/63
f 972/1070/980 971/1068/978 11/61/61 992/2/2
f 959/1071/981 958/1069/979 987/63/63 988/6/6
f 973/1072/982 972/1070/980 992/2/2 12/1/1
f 960/1073/983 959/1071/981 988/6/6 3/5/5
f 974/1074/984 973/1072/982 12/1/1 13/9/9
f 961/1075/985 960/1073/983 3/5/5 4/11/11
f 975/1076/986 974/1074/984 13/9/9 14/13/13
f 962/1077/987 961/1075/985 4/11/11 5/15/15
f 949/1079/988 514/1086/18 980/17/17
f 976/1080/989 975/1076/986 14/13/13 993/20/20
f 963/1081/990 962/1077/987 5/15/15 6/22/22
f 950/1082/991 949/1079/988 980/17/17 981/24/24
f 977/1083/992 976/1080/989 993/20/20 994/26/26
f 964/1084/993 963/1081/990 6/22/22 989/28/28
f 951/1085/994 950/1082/991 981/24/24 982/30/30
f 978/1053/964 977/1083/992 994/26/26 15/32/32
f 965/1055/966 964/1084/993 989/28/28 7/34/34
f 952/1057/968 951/1085/994 982/30/30 983/36/36
f 979/1054/965 978/1053/964 15/32/32 16/38/38
f 966/1056/967 965/1055/966 7/34/34 8/40/40
f 953/1058/969 952/1057/968 983/36/36 984/42/42
f 513/1087/44 979/1054/965 16/38/38
f 967/1060/970 966/1056/967 8/40/40 990/45/45
f 954/1061/971 953/1058/969 984/42/42 985/47/47
